-- phpMyAdmin SQL Dump
-- version 4.2.11
-- http://www.phpmyadmin.net
--
-- Servidor: 127.0.0.1
-- Tiempo de generación: 11-04-2015 a las 13:08:49
-- Versión del servidor: 5.6.21
-- Versión de PHP: 5.6.3

SET SQL_MODE = "NO_AUTO_VALUE_ON_ZERO";
SET time_zone = "+00:00";


/*!40101 SET @OLD_CHARACTER_SET_CLIENT=@@CHARACTER_SET_CLIENT */;
/*!40101 SET @OLD_CHARACTER_SET_RESULTS=@@CHARACTER_SET_RESULTS */;
/*!40101 SET @OLD_COLLATION_CONNECTION=@@COLLATION_CONNECTION */;
/*!40101 SET NAMES utf8 */;

--
-- Base de datos: `practica1_606`
--

-- --------------------------------------------------------

--
-- Estructura de tabla para la tabla `activos`
--

CREATE TABLE IF NOT EXISTS `activos` (
  `crucigrama` int(11) NOT NULL,
  `usuario` varchar(50) CHARACTER SET utf8 COLLATE utf8_spanish_ci NOT NULL
) ENGINE=InnoDB DEFAULT CHARSET=latin1;

--
-- Volcado de datos para la tabla `activos`
--

INSERT INTO `activos` (`crucigrama`, `usuario`) VALUES
(1, 'hola'),
(1, 'user'),
(2, 'user2');

-- --------------------------------------------------------

--
-- Estructura de tabla para la tabla `amigos`
--

CREATE TABLE IF NOT EXISTS `amigos` (
  `usuario_source` varchar(50) CHARACTER SET utf8 COLLATE utf8_spanish_ci NOT NULL,
  `usuario_target` varchar(50) CHARACTER SET utf8 COLLATE utf8_spanish_ci NOT NULL
) ENGINE=InnoDB DEFAULT CHARSET=latin1;

-- --------------------------------------------------------

--
-- Estructura de tabla para la tabla `contiene`
--

CREATE TABLE IF NOT EXISTS `contiene` (
  `crucigrama` int(11) NOT NULL,
  `palabra` int(11) NOT NULL,
  `orientacion` int(11) NOT NULL,
  `x` int(11) NOT NULL,
  `y` int(11) NOT NULL,
  `puntuacion` int(11) NOT NULL
) ENGINE=InnoDB DEFAULT CHARSET=latin1;

--
-- Volcado de datos para la tabla `contiene`
--

INSERT INTO `contiene` (`crucigrama`, `palabra`, `orientacion`, `x`, `y`, `puntuacion`) VALUES
(1, 1, 0, 1, 2, 17),
(1, 2, 1, 3, 1, 22),
(1, 3, 0, 1, 8, 23),
(1, 4, 1, 12, 4, 11),
(2, 2, 0, 1, 2, 26),
(2, 5, 1, 1, 1, 9),
(2, 6, 1, 3, 1, 14),
(2, 7, 0, 3, 6, 17);

-- --------------------------------------------------------

--
-- Estructura de tabla para la tabla `crucigramas`
--

CREATE TABLE IF NOT EXISTS `crucigramas` (
  `fecha` date NOT NULL,
`id` int(11) NOT NULL,
  `titulo` varchar(50) CHARACTER SET utf8 COLLATE utf8_spanish_ci NOT NULL
) ENGINE=InnoDB AUTO_INCREMENT=3 DEFAULT CHARSET=latin1;

--
-- Volcado de datos para la tabla `crucigramas`
--

INSERT INTO `crucigramas` (`fecha`, `id`, `titulo`) VALUES
('2015-02-25', 1, 'Crucigrama1'),
('2015-02-25', 2, 'Crucigrama2');

-- --------------------------------------------------------

--
-- Estructura de tabla para la tabla `etiquetas`
--

CREATE TABLE IF NOT EXISTS `etiquetas` (
  `etiqueta` varchar(50) CHARACTER SET utf8 COLLATE utf8_spanish_ci NOT NULL,
  `palabra` int(11) NOT NULL
) ENGINE=InnoDB DEFAULT CHARSET=latin1;

--
-- Volcado de datos para la tabla `etiquetas`
--

INSERT INTO `etiquetas` (`etiqueta`, `palabra`) VALUES
('Capitales', 1),
('Capitales', 2),
('Capitales', 3),
('Capitales', 4),
('Paises', 5),
('Paises', 6),
('Paises', 7);

-- --------------------------------------------------------

--
-- Estructura de tabla para la tabla `historial`
--

CREATE TABLE IF NOT EXISTS `historial` (
  `crucigrama` int(11) NOT NULL,
  `usuario` varchar(50) CHARACTER SET utf8 COLLATE utf8_spanish_ci NOT NULL,
  `propietario` varchar(50) CHARACTER SET utf8 COLLATE utf8_spanish_ci NOT NULL,
  `respuesta` varchar(50) CHARACTER SET utf8 COLLATE utf8_spanish_ci NOT NULL,
  `palabra` int(11) NOT NULL,
  `fecha` date NOT NULL,
  `hora` time NOT NULL,
  `correcta` int(11) NOT NULL
) ENGINE=InnoDB DEFAULT CHARSET=latin1;

-- --------------------------------------------------------

--
-- Estructura de tabla para la tabla `palabras`
--

CREATE TABLE IF NOT EXISTS `palabras` (
`id` int(11) NOT NULL,
  `palabra` varchar(50) CHARACTER SET utf8 COLLATE utf8_spanish_ci NOT NULL,
  `enunciado` varchar(255) CHARACTER SET utf8 COLLATE utf8_spanish_ci NOT NULL,
  `imagen` blob
) ENGINE=InnoDB AUTO_INCREMENT=8 DEFAULT CHARSET=latin1;

--
-- Volcado de datos para la tabla `palabras`
--

INSERT INTO `palabras` (`id`, `palabra`, `enunciado`, `imagen`) VALUES
(1, 'Helsinki', 'Capital de Finlandia', NULL),
(2, 'Ulan Bator', 'Capital de Mongolia', NULL),
(3, 'Antananaribo', 'Capital de Madagascar', NULL),
(4, 'Tokio', 'Capital de Japon', 0x89504e470d0a1a0a0000000d494844520000032000000215080600000029b09bc20000000473424954080808087c0864880000200049444154789ceddd7b949d757deff1ef9e6b26994926f72b0904130129c583c809d14ab0548ad82a1c948208285ea058ea12118bd6652b955239475a0a22282897237a402d88204a40c5d4a205a9720910484820f74c32b9cdec99bdcf1fa19e72b8e532f3fcf6f33cafd75ab356fecb873ff8edbc9fcbec4abd5e1f0c0000800cb4444453ea1100004039880f0000203302040000c88c00010000322340000080cc08100000203302040000c88c00010000322340000080cc08100000203302040000c88c00010000322340000080cc08100000203302040000c88c00010000322340000080cc08100000203302040000c88c00010000322340000080cc08100000203302040000c88c00010000322340000080cc08100000203302040000c88c00010000322340000080cc08100000203302040000c88c00010000322340000080cc08100000203302040000c88c00010000322340000080cc08100000203302040000c88c00010000322340000080cc08100000203302040000c88c00010000322340000080cc08100000203302040000c88c00010000322340000080cc08100000203302040000c88c00010000322340000080cc08100000203302040000c88c00010000322340000080cc08100000203302040000c88c00010000322340000080cc08100000203302040000c88c00010000322340000080cc08100000203302040000c88c00010000322340000080cc08100000203302040000c88c00010000322340000080cc08100000203302040000c88c00010000322340000080cc08100000203302040000c88c00010000322340000080cc08100000203302040000c88c00010000322340000080cc08100000203302040000c88c00010000322340000080cc08100000203302040000c88c00010000322340000080cc08100000203302040000c88c00010000322340000080cc08100000203302040000c88c00010000322340000080cc08100000203302040000c88c00010000322340000080ccb4a41e004003a9d7a3ba665d0cac5e1bf56a35eafdd5a8f557a3dedf1ff5feeaf33ffd51ebaf46d46ad134a23d2a6d6d51696b7dfea72d9afef3cfadadd1326942b44e1c1f51a9a4fe2f03a04108108012a8f7f547df92a5d1b76c45f42f5b11fd4b97c7c0fa0d31b8be27069eff195cdf1383bd9b87e5ef6feeea8ce671ddd1f2fccf8e3f8f8db65933a26de6f4689f393dda67cf8a4a7bdbb0fcfd00348e4abd5eafa71e01c09eab0f0e46df634b62db238b63db6f1edd111acb9e8dfe652b6260fd86d4f3764acbb8b1d136737ab4cd9c166d33a747c781fb45c7fe73a3fdb5b3a3d2dc9c7a1e0043408000e4d0c09a75b1f5a14762fbc38b63dbc38b63fbc38b63fbe34ba25e1d483d6d58545a5b62c49cd931e280b9d171c0dc1871c0dc1879d0fed132717cea6900ec220102d0e86af5d8bef8c9d8f26f0fecf8f9c503d1f7f433a9573584f6bdf78a5187bd3e46bd71c7cf88b9fb463479df04a0910910804653afc7965f3d145b7ff550f4deb32836fffcfea86ddd967a552e348dec88cec30f8dae23e6c5c8430e8a51871ce4057880062340001ac0c09a75b1e9eefba2f7ee9f45efc29fc7c0869ed4930aa1656c77742d383cba8e7c538c3e72be47b6001a8000014864f3a25f45efc21dd1b1f5a147221cc7c3ab52899107ed1f5d47be29ba16cc8fce7987a45e04504a0204202bf57a6cf9e543d1f3bd3ba2e75f7e18d5e756a55e546aad532747f79ffc5174ffe9d131ea0d1ed502c88a0001184ef57a6c7df0b7d1f3dd3ba2e75fee8cfee5cfa55ec44b689b3135baffe46dd1fdcea363e4c1af132300c34880000c8381b5eb63d597ae8a75dff876d4b66d4f3d875dd0d43122c6bfef8498fc971f8c9609e352cf01281c01023044ead581d878e7c2587fddcdb1e99e9f47d46aa927b1279a9a62f41187c7b8538e8f316f5b1095d696d48b000a418000eca1be254b63ddf5b7c4fa6f7e3706d6ac4b3d8761d032717c8c3bf19d31febdc745fbec59a9e700e49a0001d81df57a6c5a785facb9ec9ae8fde92f52af21435d6f3e2c269e7d7a8c5e30dfbb2200bb418000ec827a7f7f6cb8f9f6587dc5d763fb238fa79e434223f69f1393ce3c35c61e7f4c54dada52cf01c80d0102b013067b36c6da6bbf156bafbe31aaabd6a49e4303699d3c31269c71524c38edddd1dc3d26f51c80862740005ec1e0a6cdf1dcdf5d1aebbefeeda80f0ca49e4303abb4b4c4f8534f88a97f754e348fee4c3d07a0610910809730b06e43acbeec6bb1f66bdf8cdad66da9e790234d233b62c2fb4f8c4967bf3f5ac68f4d3d07a0e1081080ff62b06753acbee2ebb1e62bd7476df396d473c8b1a6ce5131f143ef8d49679e1acddda353cf016818020420226a9bb7c4ea2f5f176b2ebf36067b37a79e4381347775c6c4b34e8b491f39259a3a47a59e03909c00014a6fc3cddf8f673ffb452f9733ac5a274f8c699f3b37c61efff6d4530092122040696d5fbc24969f7f616cf63d1e64a8f3cd87c58c8b2e88117367a79e02908400014aa7b6755bacbae4ca587dc5d7a35eada69e4309555a5b63d299a7c6e48f7f389a4676a49e039029010294cac6db7f1c2b2eb828fa973f977a0a44db8ca931fdc2f363cc316f4d3d05203302042885fea79f89e57ff585d874d74f524f8117197dd41fc48cbffb54b4edbd57ea2900c34e80008556efeb8f55fff4d5587de9d551dbde977a0ebcaca611ed31e99c3362f2473f1095f6b6d47300868d00010aabf7eefb62f9a72e8cbe25cb524f819dd63e7b66ccf8c205d175e4fcd45300868500010aa7fadcea5871c117a2e7d6bb524f81ddd6fd8ea362fa859f8ad6a993524f011852020428948db7ff3896fdc5676270e3a6d453608f358f191d33fff16fbda40e148a00010aa1de5f8d673f7749acb9ea8608c71a4552a9c4c40f9e1cd33efbf1a8b4b5a65e03b0c70408907bfd4b97c7d31f3c37b63ef09bd45360d88c7cfd81b1f7555f8cb65933524f01d8234da90700ec899edbee8ac78e3c417c50785b1ff84d3c76e409d1739b779b807c730704c8a57a7f7facf8ec1763edd537a69e02999b70c64931fd73e746a5cdafeb05f2478000b9d3f7d433b1f4831f8fadbf7e38f5144866e4ef1f10b3aeba24daf7f1e58540be78040bc8959eefdd198bdf7a82f8a0f4b6fefae158fcd613a2e77b77a69e02b04bdc010172a1ded71f2b3e7371acbde69ba9a740c39970fa8931fd6fcff30dea402e0810a0e1f52d591a4f9ff1f1d8f61f8fa69e020dabe3f7f68bbdafbe24da67cf4a3d05e0150910a0a16db9ffc158f29e8fc460efe6d453a0e1357775c6ec9bbe1ca30e3d38f5148097e51d10a061f5dcfac378e25def171fb093067b37c713ef7a7ff4dcfac3d453005e9600011ad2da6b6e8aa7cf3837ea7dfda9a740aed4fbfae3e933ce8db5d7dc947a0ac04bf20816d070565efccfb1f21fae483d03726fca27ce8c29e7fd79ea19002f20408086511facc58af33f1f6baffd56ea295018134e7b774cbfe8d35169f6d003d0180408d010ea7dfdb1f4239f8c9edbee4a3d050aa7fbd8a362d697ffdeafe9051a820001921bdcb4399e7adf4763f37df7a79e0285d539ffd0d8e71bff14cda33b534f014a4e8000495557af8d25eff9486cfb8deff880e1d671e07e31fba62f47eba409a9a7002526408064fa9e5a164f9ef0a1e85fba3cf514288db6593362df6f7f25daf799997a0a5052de480392d8f6d0c3f1f8db4f111f90b1fea5cbe3f1b79f12db1e7a38f514a0a4dc010132b7e5fe07e3893f3d3dead56aea29505a95d6d678cdf7aef1ade940e6dc010132b5fd91c763c94967890f48ac5eadc69293ce8aed8f3c9e7a0a5032ee800099e97fe6d978fcedef8dea73ab534f019ed73a7552ccf9fef5d1b6d7b4d4538092700704c8c4c0ba0df1e4bb3f2c3ea0c1549f5b1d4fbefbc331b06e43ea294049081060d8d5b66c8d25279d157d4f3c957a0af012fa9e782a969c7456d4b66c4d3d05280101020cab7ab51a4f9dfeb1d8faefff917a0af00ab6fefb7fc453a77fccfb59c0b01320c0f0a9d563d9473f1dbd0bef4bbd04d809bd0bef8b651ffd7444cdeba1c0f01120c0b059f1d717c7869bbf9f7a06b00b36dcfcfd58f1d717a79e011498000186c5aa4baf8e35575e977a06b01bd65c795dacbaf4ead43380821220c0905b7fc32df1dc8597a69e01ec81e72ebc34d6df704bea194001f91e1060486dbc63613c7dda5f467d7030f514600f559a9b63ef6bbf14638e5e907a0a5020020418325b1ff84d3cfe8ef745bdaf3ff514608854dadb62ceaddf8891af3f30f514a020040830240656af8bc7161c1fd5d56b534f018658eba409f1da853747cba4f1a9a70005e01d1060cfd56ab1f4cc4f8a0f28a8eaeab5b1f4cc4f46d46aa9a700052040803db6f27f7e257a7ff2afa96700c3a8f727ff1a2bffe75752cf000ac02358c01ed97cdfbfc593c77fd04be7500295e6e6d8f7e6aba273fe1b534f01724c8000bb6d60cdba786cc1ff88eaaa35a9a70019699d3c315ebbf0ff44cb44ef8300bbc72358c0eea9d562e959e78b0f2899eaaa35b1f4acf3bd0f02ec360102ec96555fba2a7aef59947a069040ef3d8b62d597ae4a3d03c8298f6001bb6cf3cf7f194f1ef701ef7d4089559a9b63df5bbe1a9d87bf21f51420670408b04b06d6aedff1dec7cad5a9a70089b54e99b4e37d9009e3524f0172c42358c0ceabd562e9599f121f4044445457ae8ea5677dcafb20c02e1120c04e5bf58f5f8dde85f7a59e013490de85f7c5aa7ffc6aea19408e78040bd8299b17fd2a9e7cd7fbbdf701bc48a5b939f6fdced7a273de21a9a700392040805755dbb63d1e99776c5457ac4c3d056850add3a7c4fe8b6e8ba68e11a9a7000dce2358c0ab5a75c997c507f08aaa2b56c6aa4bbe9c7a069003ee8000af68fbe34be2b1238e8f7a7f35f514a0c155da5ae3b5f7dc1c23e6cc4e3d056860ee8000af68f9272f141fc04ea9f75763f9272f4c3d036870020478591b6eb93d36fff417a9670039b2f9a7bf880db7dc9e7a06d0c03c8205bca4c1decdf1e8bc774475d59ad453809c699d3c31f65b746b347775a69e02342077408097b4f2a2cbc407b05baaabd6c4ca8b2e4b3d036850ee80002fb2ed378fc6e23f7c8feffc00765ba5b939e6fee8a6e83870bfd4538006e30e08f042f57a2c3feff3e203d823f5c1c1587edee7235ce704fe3f020478817537dc125bee7f30f50ca000b6dcff60acbbe196d4338006e3112ce07706d6f7c4a3f38e8d81f53da9a70005d132ae3bf65b745bb48ceb4e3d056810ee8000bff3dce7bf243e802135b0be279efbfc9752cf001a880001222262cb2f7f1deb6eb839f50ca080d6dd70736cf9e5af53cf001a84000122ea11cb3ffeb9889a2732816150abef38631c31400810202236fee0eed8f6f0e2d4338002dbf6f0e2d8f883bb53cf001a800081b2abd563e5c5be300c187e2b2fbecc9d56408040d9f5dc7a676cfbadbb1fc0f0dbf6dbc5d173eb9da9670089091028b1fa602d565e7c79ea194089acbcf8f2a80fd652cf0012122050623db77c3fb62f5e927a065022db172f899e5bbe9f7a069090008192aa0f0cc4ca7fb822f50ca08456fec315511f18483d0348448040496db8e5f6e87b6a59ea194009f53db52c36dc727bea1940220204caa85e8f35975f9b7a0550626b2ebf36a2ee37624119091028a1de7b17f9cd574052db7ebb387aef5d947a0690800081125afdcfd7a69e00e02c829212205032db1e76d511680cbdf72e8a6d0fbb1b0b652340a0643c770d340cefa3412909102891ea73ab63c32d3f483d03e07736dcf283a83eb73af50c204302044a64ed35df8c7ab59a7a06c0efd4abd5587bcd3753cf00322440a024ea0383b1fe7f7f27f50c801759ffbfbf13f581c1d433808c081028894d77dd1bd5956b52cf007891eaca35b1e9ae7b53cf00322240a024d65d7773ea09002fcb1905e52140a004aacfae8cdebb7f967a06c0cbeabdfb67517d7665ea194006040894c0ba1bbf13f541cf57038dab3e3818eb6ef49e1a94810081a2abd562fd0d3ed481c6b7fe86ef44d46aa96700c34c8040c1f5debb28fa973f9b7a06c0abea5ffe6cf4debb28f50c6098091028b80ddff1c583407e38b3a0f804081458bdbf1a1b6fbf3bf50c809db6f1f6bba3deef0b53a1c804081458ef3df7c5e0c64da96700ecb4c18d9ba2f79efb52cf008691008102dbf0dd3b534f00d865ce2e283601020555ebeb8b4d772c4c3d0360976dba6361d4fafa52cf008689008182eafdf1cf62b07773ea1900bb6cb07773f4fed897a74251091028a89eefde917a02c06e73864171091028a07a752036fde8a7a96700ecb64d3ffa69d4ab03a96700c3408040016db9ff418f5f01b936d8bb39b6dcff60ea19c03010205040bd3f76f703c83f67191493008102dae4e54da0009c65504c02040aa6ba72756c7b7871ea19007b6cdbc38ba3ba7275ea19c01013205030bd77df1751afa79e01b0e7eaf51d671a502802040a669367a6810271a641f1081028927a3d7aef5d947a05c090e9bd7791bbba503002040a64dbc38b6370636fea190043667063aff7daa060040814c8965f3c907a02c09073b641b1081028902dffe6431a281e671b148b008102f1210d1491b30d8a45804041549f5d15fdcf3c9b7a06c090eb7fe6d9a83ebb2af50c6088081028085708812273c64171081028081fce409139e3a038040814c4965f3d947a02c0b071c64171081028825a2db63ffa44ea1500c366fba34f44d46aa967004340804001f43df54cd4b66e4b3d0360d8d4b66e8bbea79e493d03180202040ac0b7040365e0ac836210205000db7d280325e0ac836210205000ae0a0265e0ac836210205000ae0a0265e0ac836210209073b52d5ba36fd9f2d43300865ddfb2e551dbb235f50c600f0910c8b9ed4f3c1551aba79e0130fc6af51d671e906b020472ae7fd98ad4130032e3cc83fc132090733e8c813271e641fe0910c8391fc6409938f320ff0408e45cffb267534f00c88c330ff24f8040ceb91a089489330ff24f80409ed5ebd1ff8c0f63a03cfa9f591151f79bff20cf0408e4d8c0daf551dbb63df50c80ccd4b66d8f81b5eb53cf00f68000811ceb7f7655ea09009973f641be0910c8b1c1f51b524f00c89cb30ff24d80408e0dacef493d012073ce3ec837010239e643182823671fe49b00811c1bf4210c9490b30ff24d80408eb90a089491b30ff24d80408e0d6cf0210c948fb30ff24d80408e790c012823671fe49b00811c1bdcb829f50480cc39fb20df0408e458adbf9a7a0240e69c7d906f020472acdedf9f7a0240e69c7d906f020472acee2a205042ce3ec837010239e62a205046ce3ec837010239e62a205046ce3ec837010239e6454ca08c9c7d906f020472cc6308401939fb20df0408e458bd3a907a0240e69c7d906f020472acd2da927a0240e69c7d906f020472acd2d6967a0240e69c7d906f020472aca9ad35f50480cc39fb20df0408e458c587305042ce3ec837010239e63104a08c9c7d906f020472cc5540a08c9c7d906f020472cc5540a08c9c7d906f020472cc8b98401939fb20df0408e458f398d1a9270064ced907f9264020c79ac775a79e009039671fe49b00811c6b19eb4318281f671fe49b00811c6b7115102821671fe49b00811cf318025046ce3ec837010239e62a205046ce3ec837010239e643182823671fe49b00811c6b1e3736f50480cc39fb20df0408e458dbb4c9a9270064ced907f9264020c75a268c8ba68e11a9670064a6a96344b44c18977a06b0070408e459a5126d7b4d4fbd0220336d7b4d8fa85452cf00f68000819c6b9b294080f270e641fe0910c8b9b699d3524f00c88c330ff24f8040ceb91a089489330ff24f8040cef93006cac49907f9274020e77c180365e2cc83fc13209073235eb34f4493df080394405365c79907e49a00819c6b1a3532da67ce483d0360d8b5cf9c114da346a69e01ec2101020530e280b9a927000c3b671d1483008102e8f0a10c9480b30e8a41804001b82a089481b30e8a41804001b82a089481b30e8a41804001b4efb357348dec483d0360d8348dec88f67df64a3d03180202048aa0a92946ecf79ad42b0086cd88fd5e13d1e49f2d5004fe4f86821875c841a927000c1b671c148700818218f5c6d7a79e00306c9c71501c02040ac287335064ce38280e010205d13a6d72b4ed352df50c8021d7b6d7b4689d3639f50c6088081028105708812272b641b1081028101fd2401139dba058040814c8a8c37c4803c5e36c8362112050201d07cc8de6315da967000c99e6315dbe011d0a46804091542ad1f59679a957000c99aeb7cc8ba85452cf00869000818219fdd637a79e0030649c69503c02040aa6ebc8f9ae1602c550a9ec38d3804211205030ad5326795e1a28848e03e646eb9449a96700434c8040018d7eeb9b524f00d863ce322826010205d4e59969a0009c65504c02040a68d4a10747735767ea1900bbadb9ab33461d7a70ea19c0301020504095d69618fd87ae1c02f935fa0fdf1c95d696d43380612040a0a0badf7974ea0900bbcd1906c52540a0a0badefa268f6101b9d4dcd5195d5e4087c2122050504deded31fae805a96700ecb2d1472f88a6f6f6d43380612240a0c0c6bef36da92700ec326717149b008102eb3a627e348f199d7a06c04e6b1e333aba8ef0ede7506402040aacd2d61a638e3932f50c809d36e69823a3d2d69a7a06308c040814dcd877fd71ea09003bcd9905c52740a0e0bade322fda664c4b3d03e055b5cd98165d6f99977a0630cc0408145d53538c3bf95da95700bcaa7127bf2ba2c93f4da0e8fc5f0e2530fea47745a5b939f50c809755696e8ef127b95802652040a0045aa74d89ae237da917d0b8ba8e7c53b44e9b927a06900101022531fe94e3534f007859ce28280f01022531faa8b744eb9489a96700bc48eb948931faa8b7a49e016444804049545a9a63dc9f79be1a683ce3feec5d5169f19e1a94850081129970fa895169f5055f40e3a8b4b6c684d34f4c3d03c890008112699d3a29c61ee74bbe80c631f6b83f8ed6a99352cf00322440a064269e755a44a5927a064044a5b2e34c024a458040c9741c30d7370d030da1eb2df3a2e380b9a96700191320504293fefcb4d413009c45505202044aa8eb2df3a2e375ae3a02e974bccedd58282b010265e4b96b2031efa34179091028a9b1c71d13edfbcc4c3d0328a1f67d66c6d8e38e493d034844804049555a5a62ca27ce4c3d0328a1299f38332a2d2da9670089081028b1eee3de1e23e6ce4e3d03289111736747f7716f4f3d034848804089559a9b62ca7967a59e0194c894f3ce8a4ab37f7e40993901a0e4badff136bf110bc844c7ebe646f73bde967a0690980081b26baac494f3ce4ebd02288129e79d1dd1e4375f41d9091020c6fcf191be8d1818561d07cc8d317f7c64ea194003102040442562c6259f756512181e4d951d678c23060801023c6fd41b7e3fc69f7c7cea1940018d3ff9f818f586df4f3d036810957abd5e4f3d02680c03eb7be2d179c7c6c0fa9ed45380826819d71dfb2dba2d5ac675a79e023408774080df6919d71d533ff3b1d433800299fa998f890fe0050408f002e34f3e2e461d7a70ea1940018c3af4e0187ff271a967000d4680002f54a9c48c8b3f1d95e6e6d44b801cab3437c78c8b3f1d51f1e639f042020478918e03f78b091ff8b3d433801c9bf0813f8b8e03f74b3d0368405e42075ed260efe67874de3ba2ba6a4dea2940ceb44e9e18fb2dba359abb3a534f011a903b20c04b6aeeea8c697ff389d433801c9af6379f101fc0cb1220c0cb1a7bdc31d1f9e6c352cf0072a4f3cd87c5d8e38e493d0368601ec1025ed1f6c797c463471c1ff5fe6aea294083abb4b5c66befb93946cc999d7a0ad0c0dc01015ed18839b363d299a7a69e01e4c0a4334f151fc0ab7207047855b56ddbe39179c74675c5cad4538006d53a7d4aecbfe8b668ea18917a0ad0e0dc01015e5553c7889875c5dffb6e10e025559a9b63d6157f2f3e809d2240809dd239ef909872fed9a967000d68caf96747e7bc4352cf00724280003b6df25f7c20ba16cc4f3d0368205d0be6c7e4bff840ea19408e780704d825036bd7c7630bfe475457ae4e3d0548ac75caa478edc2ff132d13c6a59e02e4883b20c02e6999302e665d79b1f741a0e42acdcd31ebca8bc507b0cb0408b0cb3a0f7f434c39efacd4338084a69c7756741efe86d433801cf20816b07b6ab578f23d1f8ede7b16a55e0264aceb8879b1ef4d574634b98e09ec3a0102ecb68135eb76bc0fb26a4dea2940465a274fdcf1dec7c4f1a9a70039e5d205b0db5a268e8f5957fa7e10288b1def7dfcbdf800f6880001f648e7fc37c6e473cf4c3d03c8c0e473cf8ccef96f4c3d03c8398f60017bae568b274ff850f4fee45f532f018649d71ffcf7d8f7db5ff1de07b0c7040830240656af8bc7161c1fd5d56b534f018658eba409f1da853747cb248f5e017bce650c6048b44c1a1ffb5c7f5954dadb524f018650a5bd2df6b9fe32f1010c1901020c9991af3f30f6befa122fa54341549a9b63efab2f8991af3f30f514a040040830a4c61cbd20f6bae4b311954aea29c09ea85462af4b3e1b638e5e907a09503002041872e34e3e2ea65e704eea19c01e987ac13931eee4e352cf000a488000c362f23967c4c40f9f927a06b01b267ef894987cce19a9670005e5b76001c3a7568fa5679d1f1b6efe7eea25c04e1a7bfcdb63d6e5174534798c12181e02041856f56a35969c7c76f42ebc2ff514e055742d981fb36fb82c2aadada9a700052640806157dbb2359e38ee03b1f5dfff23f514e0658cfc6fbf17afb9e5abd1346a64ea2940c10910201303eb36c4e3c7be2ffa9e782af514e0ffd3fe9a7d62ce6ddf8896f163534f014ac04be840265ac68f8d7dbf7565b44e9d947a0af05fb44e9d14fb7eeb4af101644680009969db6b5aec7bd395d1dc3d3af51420229abb47c7be375d196d7b4d4b3d0528110102646ac4fe7362f68d977bc91512abb4b6c6ec1b2f8f11fbcf493d0528190102646ed4a107c7dc3b6e889689e3534f81526a99383ee6de71438c3af4e0d4538012f2123a904cdf53cbe2c9133e14fd4b97a79e02a5d1366b46ecfbedaf44fb3e33534f014aca1d102099f67d66c69cdbaf8f8e03f74b3d054aa1e3c0fd62ceedd78b0f2029010224d53a6942bce67bd746e7fc43534f8142eb9c7f68bce67bd746eba409a9a70025274080e49a4777c6be375d19ddc71e957a0a1452f7b147edf80d74a33b534f0110204063a8b4b7c5acab2f8909a7bd3bf514289409a7bd3b665d7d4954dadb524f0188082fa1030d68e5c5ff1c2bffe18ad43320f7a67ce2cc9872de9fa79e01f002020468486bafb929969f7f6144ad967a0ae44f534b6256ef000009164944415453ccb8e8829870fa7b522f017811010234ac9e5b7f184bcf3c3fea7dfda9a7406e54dadb62d6151745f73bfe28f514809724408086b6e5fe0763c97b3e1283bd9b534f8186d7dcd519b36ffab22f18041a9a97d0818636ead08363ee8f6e8a8edff35d21f04a3a7e6fbf98fba39bc407d0f00408d0f0da67cf8ab93fb831269c7e62ea29d090269c7e62ccfdc18dd13e7b56ea2900afca235840aef47cefce78e6639ff54816c48e47aef6fa5f9f8bee3f7d5bea29003b4d8000b9d3f7d433b1f4831f8fadbf7e38f5144866e4ef1f10b3aeba24daf7d92bf514805de2112c2077daf7d92be6dc7e7d4c38e3a4d453208909679c14736ebf5e7c00b9e40e08906b3db7dd15cf9cf3d731b8a937f5141876cda3bb62af4bff26ba8f3d2af51480dd264080dceb5fba3c9efee0b9b1f581dfa49e02c366e4eb0f8cbdaffa62b4cd9a917a0ac01ef10816907b6db366c49cdbae8b891f7a6f44a5927a0e0cad4a25267ee8bd31e7b6ebc4075008ee800085b2f1f61fc7b2bff84c0c6edc947a0aecb1e631a363e63ffe6d8c39e6ada9a7000c190102144ef5b9d5b1e2822f44cfad77a59e02bbadfb1d47c5f40b3f15ad5327a59e0230a404085058bd77df17cb3f7561f42d59967a0aecb4f6d93363c6172e88ae23e7a79e02302c04085068f5befe58f54f5f8dd5975e1db5ed7da9e7c0cb6a1ad11e93ce3923267ff40351696f4b3d0760d80810a014fa9f7e2696ffd51762d35d3f493d055e64f4517f1033feee53d1b6b7eff5008a4f8000a5b2f1f61fc78a0b2e8afee5cfa59e02d136636a4cbff07c2f9903a5224080d2a96ddd16ab2eb932565ff1f5a857aba9e7504295d6d69874e6a931f9e31f8ea6911da9e700644a8000a5b57df192587efe85b1f9a7bf483d8512e97cf36131e3a20b62c4dcd9a9a70024214080d2db70f3f7e3d9cf7e31aaabd6a49e4281b54e9e18d33e776e8c3dfeeda9a7002425400022a2b6794bacfef275b1e6f26b63b07773ea3914487357674c3cebb498f49153a2a97354ea3900c9091080ff62b06753acbee2ebb1e62bd7476df396d473c8b1a6ce5131f143ef8d49679e1acddda353cf0168180204e0250cacdb10ab2ffb5aacfdda37a3b6755bea39e448d3c88e98f0fe1363d2d9ef8f96f16353cf0168380204e0150c6eda1ccffddda5b1eeebdf8efac040ea3934b04a4b4b8c3ff58498fa57e744f3e8ced473001a960001d809833d1b63edb5df8ab557dfe865755ea075f2c49870c64931e1b4774773f798d473001a9e0001d805f5fefed870f3edb1fa8aafc7f6471e4f3d878446ec3f27269d796a8c3dfe98a8b4b5a59e03901b02046077d4ebb169e17db1e6b26ba2d7f788944ad79b0f8b89679f1ea317cc8fa85452cf01c81d0102b087fa962c8d75d7df12ebbff9dd1858b32ef51c8641cbc4f131eec477c6f8f71e17edb367a59e03906b02046088d4ab03b1f1ce85b1feba9b63d33d3f8fa8d5524f624f3435c5e8230e8f71a71c1f63deb6202aad2da91701148200011806036bd7c7aa2f5d15ebbef1eda86ddb9e7a0ebba0a963448c7fdf0931f92f3f182d13c6a59e03503802046038d5ebb1f5c1df46cf77ef889e7fb933fa973f977a112fa16dc6d4e8fe93b745f73b8f8e9107bfcebb1d00c348800064a55e8f2dbf7c287abe7747f4fccb0fa3fadcaad48b4aad75eae4e8fe933f8aee3f3d3a46bde120d1019011010290c8e645bf8ade85f745efdd3f8bad0f3d12e1381e5e954a8c3c68ffe83af24dd1b5607e74ce3b24f52280521220000d6060cdbad874f78e18e95df8f318d8d0937a5221b48ced8eae058747d7916f8ad147ce8f9689e3534f02283d0102d068eaf5d8f2ab8762ebaf1e8ade7b16c5e69fdf1fb5addb52afca85a6911dd179f8a1d175c4bc1879c84131ea108f5601341a0102d0e86af5d8bef8c9d8f26f0fecf8f9c503d1f7f433a9573584f6bdf78a5187bd3e46bd71c7cf88b9fb4634090e8046264000726860cdbad8fad023b1fde1c5b1ede1c5b1fde1c5b1fdf12551af0ea49e362c2aad2d3162ceec1871c0dce838606e8c38606e8c3c687f8f5401e49000012888fae060f43db624b63db238b6fde6d1e85fb622fa973d1bfdcb56c4c0fa0da9e7ed94967163a36de6f4689b392dda664e8f8e03f78b8efde746fb6b6747a5b939f53c008680000128817a5f7ff42d591a7dcb56ec0893a5cb6360fd86185cdf1303cfff0caeef89c1decdc3f2f737777546f3b8ee6879fe67c79fc746dbac19d136737ab4cf9c1eedb36745a5bd6d58fe7e001a870001e0ffa9d7a3ba665d0cac5e1bf56a35eafdd5a8f557a3dedf1ff5feeaf33ffd51ebaf46d46ad134a23d2a6d6d51696b7dfea72d9afef3cfadadd1326942b44e1cef4570007e478000000099694a3d000000280f01020000644680000000991120000040660408000090190102000064468000000099112000004066040800009019010200006446800000009911200000406604080000901901020000644680000000991120000040660408000090190102000064468000000099112000004066040800009019010200006446800000009911200000406604080000901901020000644680000000991120000040660408000090190102000064468000000099112000004066040800009019010200006446800000009911200000406604080000901901020000644680000000991120000040660408000090190102000064468000000099112000004066040800009019010200006446800000009911200000406604080000901901020000644680000000991120000040660408000090190102000064468000000099112000004066040800009019010200006446800000009911200000406604080000901901020000644680000000991120000040660408000090190102000064468000000099112000004066040800009019010200006446800000009911200000406604080000901901020000644680000000991120000040660408000090190102000064468000000099112000004066040800009019010200006446800000009911200000406604080000901901020000644680000000991120000040660408000090190102000064468000000099112000004066040800009019010200006446800000009911200000406604080000901901020000644680000000991120000040660408000090190102000064468000000099112000004066040800009099ff0b3fbbdf436b85a7310000000049454e44ae426082);
INSERT INTO `palabras` (`id`, `palabra`, `enunciado`, `imagen`) VALUES
(5, 'Rusia', 'Who is the boss?', 0xffd8ffe2021c4943435f50524f46494c450001010000020c6c636d73021000006d6e74725247422058595a2007dc00010019000300290039616373704150504c0000000000000000000000000000000000000000000000000000f6d6000100000000d32d6c636d7300000000000000000000000000000000000000000000000000000000000000000000000000000000000000000000000a64657363000000fc0000005e637072740000015c0000000b777470740000016800000014626b70740000017c000000147258595a00000190000000146758595a000001a4000000146258595a000001b80000001472545243000001cc0000004067545243000001cc0000004062545243000001cc0000004064657363000000000000000363320000000000000000000000000000000000000000000000000000000000000000000000000000000000000000000000000000000000000000000000000000000000000000000000000000000000000000000074657874000000004642000058595a20000000000000f6d6000100000000d32d58595a20000000000000031600000333000002a458595a200000000000006fa2000038f50000039058595a2000000000000062990000b785000018da58595a2000000000000024a000000f840000b6cf63757276000000000000001a000000cb01c903630592086b0bf6103f15511b3421f1299032183b92460551775ded6b707a0589b19a7cac69bf7dd3c3e930ffffffdb004300080606070605080707070909080a0c140d0c0b0b0c1912130f141d1a1f1e1d1a1c1c20242e2720222c231c1c2837292c30313434341f27393d38323c2e333432ffdb0043010909090c0b0c180d0d1832211c213232323232323232323232323232323232323232323232323232323232323232323232323232323232323232323232323232ffc20011080204039f03002200011101021101ffc4001b00000203010101000000000000000000000203000104050607ffc4001801010101010100000000000000000000000001020304ffc4001801010101010100000000000000000000000001020304ffda000c03000001110211000001f316b679b017069a120b8c0daac4a28c6f52d893ca1814505af54aa490aee55512a18144487512c6a9cb92864b5976599427156521652e45c9752ee1426ba12aa5159ae8a84adb6258055807065495165d124837064bb04e44221907061025514a851dd174605d8c186a390a555950596acaa870d5d01556210cab4e0d41d84830a652ce5c8ba62ed843654284ba22518454a93475512ec0e861568170a2a4b918b2a2ec6656b39516c0d58506c2abac80ec6d6030606c6e86ca8902d0a0de464a9472a04493c8c2ab4654196c0812c206e90c15aa8cd55b3af9ce7818c925cb6a1097756549242b138ab122e01c86a2551554b6cd64306e0414215c9214a8190da5928c1a35d4aa2564a96510960bb60924bd06a54b2e886012a4bb51da44b241605c10c60bad19da925c94c595b604b48610689045b1275635242812d30b8a454533412aae55975545d552b2d2552aa05259525430652425b1ab94533a3358dd4035d963296a4badfec3167bdbb7abcf7573a67cf7e81e76f2f3cb39716176a05560c122cc4e4837524685a8890d5890944374e08214ab258de5085815832e44d732310328e4d170c5685aa832aa4ab1b5904431ab560905976b35957248624495206c496886e4b9576d85d6a890c91906d28c4a280a032a5a77572140aa60d8c58dc2aaaaaae4b6a51157522e095548036aa92ea1a8b0e48216bb762f31140c0a8d512fad5a6b3e863316b18b1cb1c1a2adf9eaea07556098da4b82a756325cba5a9755218a549649096ae492ac6cb924118d5972c643160970eb56c6e4916c1ca58de812e14b6028cbbb4ac6d28a0c5c922c8194308504a4ceaa588574404974ab13a22aa92ea0c4202b46eacbb114708904324b75a33d2eae8b8365cabd255595630d2a59ad5588d83506dcb072d8b4a95743774492cf4b58fa59f4e67ae4d173bafc3b8c0057ae014ca2aea124b254916430319547550b12124ba2ee892aeaa2ee42e4281a6092e526858c9089656dd355a5c95210ca81683a934542ca15b2a5e552c6cbab62add548204312549a382c2515116daa5d955090dc41304192352a5a495342aa99149a133d42b574d52d5d442925a37512ea4b6980c044821e960d549242a0302e1dab8365c9b607a7bd19ed934a6f3d37e7d7ed75cfe345f55e1ef8f84beef0e51ba897242e49144345c8555242a5d12ae8b3129242a06e5946b22c4ea28a15957451552ab42aaac22065a16b921c5dad980e61d5dda024316552a1098502492510b944d590d118164a194543415811a116b430a92dc1aa2a84a10a9258dac62ba36f3a5466eae8ba215bb124aa721658caa212868400ec4803a1a231026c4fac6ba1d4f2b734583514e9ce6ec3cdaf5de5fab73e9a7034eb0fcdc0d6be3b9ff4ef99b98cab4bba84ab8558d92e5125d94372d854524abb81b72acb595118a6026b7c95634972ea254aaa21b52a62f4955322a8714557437522a465832555c93283620dd5b6524085abb06e55900856e420d66a946ea514aa822085d49552c4b92c8d0024ba25518254484ab057224abd98cc22cfa216c4c5d98a556bcd22777a599f3adcb54d30d6e2ef43ab9e1632ebd5c9ab076654476b91a37b1e064979c2a84921547455d424916e55a594856cc7b2b5731b62d4f4c01db2e54f1b58935c8d1a858d0c15c2b61aaec92c72b359924a90aa55a625102eed650d49700964a1b488461cbb1a944760112a584b2b6d6611254a90a924916ea5a4a90909aa99081ab726792291915671208a2aba1220249658c8435eb5ca74e3d2d18e7b121e300ec6f5de58db579cd3632014b48d3864d9e83ce77acf9e0f4f9b7955c84abab255d449445d4bb6a55c964b22dab95a37f34b455d566ed42259097d28cab65b2ab922010172a2cba8850096109c54830caabb210da09aee582774a84258953524a181204e41326162416aedb5b940d10ab203855158042410dda0cab35652a5aaba2a1caa02a209d14274492157445d934c95bf3025551ea22999eed34b8e5e8c2d9ade78986843eb533c3cb9ba704cccf5fa7c7db57e57e89f3ad729656cd45d92ae8b12182195546354caab2314c94b50695e70c89452583bf012e9510a0d5ad0e09a0d154b5060560512e8892e8906e8e55255cacdb6032c546014042d4a29450580350c92eac4aaa2a112108356452d19eeae8862884ec952e04a58d100584369470480d15130965cba8904ea8a5a948e931d13d5362cb3a5bf99d2cf63b554d72ba3cddc6b6a1ad300e92acd463e3f5b92e5d3667e83a7a5f9efd73e73ae7c4b16b09b2a2ae860a2ced95713466ebf1ed972c16092693025429ea2880ca6a5e109a4a598335722ca2a9218d8377601830197510c4aac461706046bb82a1a1ca2a940acac5530944e8ec58b54a3570921c8dc977aa0c1b2ea6c931d980f5b536ecc8698a9712d80c293bb0970c4aa25295d5242b5db7288d79c864a62e5531f9e59dce2f466b5981ceb32f4eaccac494d68b035836917c8f43e79c3777793e99beefce7d2f2e3cbb5cadf2a4d8152c4a373972077324bce122d64a9d48bb650e0b0bab5418216000d4b47673506042cca84b44070c025a158c8b2a9452aa4abab50203a1b21821b854a815dd555d50c1121e226801757432140b16c115a93475a71a5b0d714c1005cb702b2a81b606ab06af32aa340253b4ce07168e500519201d88fcce115d252c45b9717d4c4075cc39f3b6fd1c67cd7636f11d5d0c7d505e767eb24bf3ddcf39797a4e0ecf3c16de71d9ddf45e2fe89cf5cd7f7fcb98f9bd2e46a63c561b9ab6f2f5e36996ed710a25eae85d919d8a255dc916150b6034a8c4174369547156577255ca492a2b44624b022312c2a10924b2480155c21328060125105adbf241893ba5ddc5132106ec8514b1b0352649d1cd28a1e4959e6815440ac0ba9154556b2c4e962d12e98c9004d646aea36643108082c85b56b90892405cba7e7559b75f2825f54ef37d49be98f3cdae8b3884cecf31e87cf5c0d5bac77abf2852fa1cdca70c07760e3074f7e37e2757a5f3c993425bd39204e944d8a81197a5d4b51292074e6d35172f3165648b824431b0058241ba2a1d28136204ba49252b820125d145563a0d6adb1311e128766602cba345dca56d31325d5457265d31f88646586c13bf95235e7ee70d60c7d0acc916da21a590943b5c3dd079666a21dab074f4380ac2cfa51175d230391480b80d313b72899a735555c2e4d235c2f876dd1c21788caac98b892006d436b5fa0f2bbb3af49abcf7a7e5b678af7de659f24d45f7e6c10a180c42dc6ae4aa215955299b30ee010c9224a549724522a5d95252cbab2ea58e59ae41baa2010dac12b9025d172ad59565b09458521104a50cb9150e8a9631b32dacb7235143341bf9daf952b3a68cc9d8e1fa2e0a925c366637e72315a0cacdac5e7ac891563b97358b135f2de9516dd268cefc868457465e54e864058b3acd080103b25c51d0f57e5bd0473b97a154b75584bbb82cf28db84c29f0d66beaebd5cfa77b89d8e161e2ca9fdf98666d026049552821bb50a2703ac443cc1035b09116d52c218490e4184152e894d67522a58175229c1b492e12548d946ae90486a56d81585617443412b62c92acaa572ed28d63f4af1fa9ce1215698012cd66a5a6cd5934217ab810f3333465460b5e0581aa582c2b174ba2bc169b512bd99112ad6d15a309e4591f89a310aab1962ec5840e9d17d4e73eccd9daa96c9770d5dd8a62a8b2181b9655dbf6bf39f4f8dfa5f17ecbe77994017df0b1e872b28250297a2907a00cda2964cacb954cb51b34f24d3a981acd4c318328c269945b251bb8555521a5b50b8c2b536fb458eb3318f4aeb7024b5179ba2671a75c63943d2ceb9e8c606c971675a0d18df946868c47512b8371f5b9f06797a14de6b506fcb9983976b12d0682c4b297ab3be15a77f3d7286da4c84d050767d299f522873f13d432753990bb905a5c34aeae7d41e030360a1c8296296de9b862e5408cba30ab3452c87f4396a3daf1b83bd41469b9ab4c95e79dd564b00d3a7a29c33ed1ea71b4750ab90ee8439cae9846363a2b336a6d9ce3e811ca1e926329dae982b32e504309774fa501a83248d039972f42b3c351e01ada6de31d4d7c4d26d7e42b1a8945bd6719f43143393d2ceaa9b3b3279c1d0dacc9eb2a316b763971f530559a33fa1e34b9736d6529d2f5924efc12af5d740e627a79ccc3a5265dee48936740e529b9a5529812ae89702b22ad60c492c1801ac8a1b086890918bb882c8aab95668246b32a9b40f53695715dd166b3c65f604e7376119ca943af2ae5dc386eb616191b2b14350a00d148a8d4de792f4e612b36330dd6eac266c52658c5de933e6e9d1cb1ea658c31ebcd50db14061836049b7154b4dc0c4193d02f9f766eea73fdd703cc4bed7b1e43bcbe43a585a8606a090cea1c79d4e71dde2b3975eab959f7a064d06b8d4fd29cfe85a45235e503add4d87971f41c832b9fc75d9885a8ce89f20cc9b92d2a04353462cd2f088255d92cb6aa862e88840506b392b7465d78d2f375f54be75de8ccf33b3d026b5e5f345d31d1cf982cd358659b919aa1f32c5d20a90c6e53a703dd663ae8a8c05af1cac51d2041194c85a837176b8b2d9a0b2dc6d3c4566c2c246cbc8669996eb6173c8453c61f8b4850069545e9d58eb4d2f54bcc3e8059ce774f1465d13b72f9fea7a6e452f571cd36fa5c5b71ac5e4bdae2ae0d76195e6fd3f9eda93779cf515c1c1e9bcc58fcfd7dc724b2a4e81f20ceb67eaf9e3a7ce9b07339831ab8cccc15415a4bd104a62c27a9f44ba121b0454ba2eaa066bb86c12cd32bcf2eadbcceb675d0e872d78d6dcd0773979fd3f0fb72cbbd59accf6d18497456bccae8d9ccb6989e961d9acb492edca908cb93a18f14b42994f5eb3dcc53aef4f339fd5e4cdf3a5de6479b3ef739721b179189ac72ae805b4321a2a5d25264c4db2944f1185e97886d564ba8807d2106f8cddfe2ea3d7f87e8659a9f41f1db93bf3caed942999e8b6723259d8eaf2702e1d11a9def20ed6726d8487937e08dc1bb0dbe8f83e8bce4aad99d56331ebe5d296564aba2248606ae16c4ba86e8ca95091905d5d4154a190d70f40eca0ecf0af3aedd643ceb6ebcee377036e7e9cf0d555905e6bb2b1e736af3a935e4b80deecb42552ae9c920dd6529824ba1a712658e151430910620c4a5bee558b60a2bb292d82a32a1cc13c836e5ee1c03fa560b7c864eed18f9bb7321a254187470d1b95b04ebea77edf1bd036af2f3f471c9da6727ad2f338bddcf672ba5908d5b31ca660e8a25e2f5306865fe83ca3edea79fece72ab46211d7d207039fd4e5d02744480d7699323538b2e348572ac6aca92caa902a94141b8aad7982a1846acc67471ec9ad5a12fc59c2d75d318e741562e51028ee711746717a1218a1968b0896d28ac4aab5a18c9165068aaac9570abba2aea8235d92540a55125488634384ca5f51c8c9aab5fa3e176a5e2f13dbe55f3587dc6c4f9e87b441c01d355cbe867e933ea14cc5ad71f49634f53cd98e3d573c4a5ae1fafc935e534e72b9e8733d173a54e9dbcc3cfebea60b3169581d5d1cd0a765eae2262ebf14e5caab20551a372935ce0eaa39eb13a16a50ca25ca0aaa897184a90a95716cb5926aca1d0903ab2d9ded3c1e8e7421d9e55cde36d1af01523d059ed06ea4599a15442602ad8248407651804954c51724b0a5496880c130b2ea583242a15d551544ba85490d04e2d33a77e74d53194d7a2f41f3fd6acf47cf4423670ba555ea7c7fa240ec60ea2aa9b9d53b19718d1d32b39b93ad8147afc2ef4579ff5455c47ab1e5cef438b3d29100c77a07500fa59a399a1e34ee2f579f1c38b9a879cc8da35aeb165d78b9eae80b52a3560dc206a8ca8740dd1442a6adc9a114b3d02b26ecc2cd7be93da4ab37a78cee31a7a0366263c1045fb6dc0ced730c09ef79d1d94ed09474b54f1912e5364a54b2a5c2a328102b96412b096760daea8ac2cb836145b0a80477f9de9799d9cf7f4f449e65bdf41ccad59cc5ecf81b714385ed473bf2e7e8fa1ac8eb561975b40c6e9cef1b877273562f5570fb9ceea0791a03f2ecc87233fa4c072eb5557374a375ca3339827a7ce72f63c3fa6e4cbe4af564b91b303bfcf02d32ab7e5e7ac8cd491544ed4cf4642a5e8156ed59bcdd1d4d2725fddd52f0707b959e251dce558b56a4d99fafcd3af539f5e89796bd484b72bb679fcfb6a99ab2f4239998730cccd719c3a1cf4906856935a26981160540118a05b6942a1822560468152424945b15090a892a1e9f4b32778f8b1b0df89c403619743f518d9a66757bf8a7cef56f374a5c0ee209df2e7ef9763b26a435ba0a53932e5da29a6d386b93c7f47c9b3671ba996af583e39dced656307acb971af42acf2183da79b5cafeaedde30f27d1f3579d875f338ef7d6291dccaf3ef8e6ab7565973ea4cbd5eff0007d1e34dd0ddb9b919b2eb99af36ab397e67dbf22cf239352ac6e724d6cf55e4f5e6fa3bdf94d5cad0aa50db61b3a796b9fcdace8c48eecb2d0ae926eb168d6308d28243498c55014abbba2a5915a333352048390db156550121da860321108cf56d72fd191b0cb5d05404616a4e7446abb1e790f3a37f3f5c31b59b377e766ecdc3a53ace674e9c68a5dc505ae506e661a1815ac8e1dc8a997766a592fa07397b8eab369565873ecc7d33af9e4a014d5ea2b9fb572f9c5f6b99c379f7ed76e73f4353b8d998d32a7464947a7ce397e8fa3c47b2c5d16c33256b04c3e17d97cf285bbf95a9a73148675b17ad97a0da6d2326b131e87acd98b35818e2a38a5ab0e456616518333571165462d2ae04b01abd486150ca06a8ddc92f2b95a595086b21ab3ab818cd3582b4e84f58b64ec591bcc6f4680dfcf21a5186460b8568be8e2f3d4e54af34a71aed2112363b13174d58c8059f48426ad4b25be2c826a12c81733b3ebd45235642e40149d93539287a37146b5659ec10193ae5184518f3f5932f3c1f8ec1c9606b72025d1e87ca7aa3d4ba918ba416cb387e27d1794a37673a74cce34fd07cd7a3266e8e7145ab0d695230c6a66108c2cd589100431a032746aa9755b5195c3b2e51936e7ccc370f3195b2b334a5e8b8427a255c61ec24e6d6aacb2cd0a0927205d0a83554afa62f2a2e98ca75613e85c717474ef53168d3cf94df936995dab2e6e3176629ca666de8414ad5b9563231f0b610a48034c0201964da4839564b598b16819979d1d26b1c83acde5880f38af34d616687646cba09439baa82b351c0f53e72cc1a01b486959a7d4f98f5d2f755aae31733ae98f9ce6fa6712bc82fa0ad4cbd7d9ebd73b4e220e68396bea67301ebc558ebabce84f3ba99d3969dc39b0c46b9cc6ae35e473232535500b6d0a9b35ee71abbab38f7d94c729ac92ce973082d09a507e262e79bf45c71aba4b325af4dd7b7021eb8a56b0323ae452dcc55681082d59db2e3e9e360d5aea3716471ad9c859ddcb884ebb3cf6b4ecce06d5de5c97c6f5e2237af2d860bcd5b4f8e474f163e76a74f060459d0573567433e418d419ea574cf2366be699ba653cde81635cbd0e2eec7a9993bc6b16beef625c3e8ac61eecac352885122db973b597429d63a99e3141a0492b3bead51d291b9999a881ce8e53f585213a06c55b4eb25331d943aee3164ecdcbc90eaa630bb522cccad631cfae966cdcd35e83933a398c43b8b379e1a5314b7001af2e8af6cce62fa3b19b94d3a2ace26e98d9aceb673952f517c7d75a99c791d78860e897e68534a951a51947a772f35c59ec7676a8b536acbcda954164d02ea565c5d90b384aee28e323b0a8e557473cb957a0a54d11405689090d66637b266bdb95e743abe774cbe8672c13b6be732ddf78734754f3a8e91f31f5b6f94b4ec8f3d75d21c255a6b2a13a65cea3a158d74e14053d2d558d2cd51a154ba6cabb06828388d904b08261c971b9281f619635ccb29c876788297e6c6ae53f1ea1b3032f2f3d6b5a853a51736789c0de97e6e76e77d8cc7bf05ab25ddc98051dbe873ba6b18278d3581a2dcd9cf2438f03e3a29767a26a3424922003c6dacbbf25886d31149d0ad5cd06f585a3467acc2552ae536169d79a5b5e8cf1182e83c3d1e7a8d1599cd779740002ba97459a7a55a94340126ac1a30d9799f84ea4aa34354fb2eda3a6516a347a58acb4e5d9845c06a62ddcceb9806580c45a98d1c160e8f1ce8928d74ab5e2c3363d591002d11d33c6ed1a10f3559e975a90fcb974736bc760928c17e66afffc4002e1000020202010303040203010100030000010200031112041013212022310514304123323340421524254350ffda00080100000105029faea61fc06087a09fb10cc6266098f48b1bb7e81f87131e93ea3fe8887d23fdac7e3cfa33d3c1eb9f40ea7a0f41e83d0667f0e3a9fcb9e87d63f167f01ea26667a8e9fb8b0fcf5cfa73d33ebcc07d03fd53d7e7d1887d79ea3e67fcc3e9cfa87e61ebcfa043f3ebcfa034f9eb8f5e7a7ea67f37ecfa8fe0cc3ebccf9f467d0213f84fa56b6b0a7d2794e2ce0f22aea3f266087f267a63a8f4010f5cfe4133e8cfac4333d018667a9f5098f4e7d00c3f80f4cf427c5b5766cf5f1b8c6d3576a85eeed0300bcbfa757c957aca3fe11d0f410cc4c751f8ff007d0cc4c7e51f8b41d8f49fcc3f267f0823407a8f501929fc741f946d4dd62ba5176b77d6142f38fe2cfa73f8f3d01eb9e99f57efd07a67a087d23f1e3f17efae7a1e87f0e66667a6667d1999998fd9fb5435ebd6aff293d3f7b40feffa862d4fca0fe110fa33d330f533f5d4fa9bd03ae7f2fc75cfa0f43d7c67a886087f1e3d289dc7baa6a2eb2b6adbd6bfddadf7359a8170699dc111f2abf931f8cfa31e9c7af1e830f9fc6043f8c7407f06667c4cf410fe307c1f3d479e81886b2cee1fc0141afb7fc6a9a1d84ce6725f1f8c7a043fe8e7d79f46333f67a6263d58fc58f40fca0e0d8eaf69fc821e83f271eccd6ceab01e9c700d9cb18e5fff00c4c7883d2bf07e7ae7a9f51f4e3d43fd41eb556673d12b6b5bf1d0dadadb4f7c1f15a9cfd62ad397fed8fc2a61f910fa01e9fafce3c476d8810fab1998fc5722d56c746ad91fb6ff008abb1aab198bbc5735b64b3741d330fa29e2dd7c4fa6a71c3b0db71019c76cf23b68d2dfa5712c177d0500b7e91caae152adfe9087f389987e7fd31d4187a199eb9c0dbc9f3d3f7f82cb1ed6fc07d220193f1e9552ec3e271f8d6725e8fa571f8c1b9742abb162e26b349c650c78968b2b0c0c7fea8cb9e4f128e52f3386fc4b7fda07f0030c1fe867a1ea3a67d20f4f899f4e3d55d9c6fb3fc162e8df85810623b23665759b2c43da5249eb8989af8a88aa51655739a9ea7bac3f6e971ceec92da939dc22a55bf3e3a05d8bd653d23e3f7af8f49f411f971f8b13f5d4411bfb7a73e9f83082b3b4dd9fc0753d6cd1d140676cb4fd52556ee5ddf71c996f6b1fbe128d7d23a3b6dd1790e01e4ed599559ede35c6b7fac5012eff0046a1e79072b88571e911bc0f41fc03f063d5fa1e66330087d621f9fc85988f41f9f5805ba56cc3d740d68e84e0a9e9557bb72695acb083e3a938653e79abdefa67e73d17e1da28cc2de6013e61f6ccc6e83d03a887a8fc59f56667c7abf5d7e3d23c7e40325d1ab7ea463a024750707a2a33f40bb36303a5dfd44cc47c476d98fa6cfec2569dce29183fe806cc540485015be567b634304331d07fa39fc5823a098f40f48f4fefa63db62aa9818af4360ecf4a4a2dbc8716723d1853eba7916f1ccabcd87ad8335a3654407a1fed9f3d0c63fc80ce15b83f50afb7ccff00407cef89dc30c10fccf920028de20f3d4ffb3fae8278d61eb8f4087d247bbaf1bb1de3f3d3060f30fa0f5f8e83e40cb3a947eaa70d9c8827eaa85c2cccda186666d16d04b9fe759c6feff59abdfd31f99663dd60c267c43d3f68639c987ae3d19fc9983f0fc8f42f8e99f19f578c753d554b13e0f4762edfaf46263d188a4a358ed6d953d4a96284b474a8ff000ccf446f395ce5a0131d196156133824fbd4f8aacd1f9cbdff00a7fccc7427cfe45f9c797194e8667a0cf53f1f8b1eacf51e9f1d71e27efd060f4a38543d7f5e8a6e7a2eb6d6badead16183d38e8bd1998d7d04338afe3a6627cae263d56fc672c0f8da7114d9c5b54d7667d3f133e85e3dcf5fa17e7336f691d71d17c431a7ebd4d8dba8f4e263d67a8e858620e87a1821f975644f564ea3afe8027d021f24423d5f0628061f0b6b2334ec59f6fd2b6a52a9fb6cc5117c4cc1e832dfeb13fc7c5ac17a75edfd5d35e74fd403d74fd42da78be81f33f5fae9fa8bd18cfd7a31f8f3f83f5e9c410fa043f365d6595f4fd7a366572d934768a2b60f5fd31cf41e9391d3381fa94d16f23af71fb4430ea8735411903c2bacf6c1d3e7a13319e94e34e32795f657f556db9a3e710ccfa0428c3d03e26b3533f504335f1d0411be7f5d7333d71fe867a098c9c41d33e31e3d07a78d7a094a52cfd1ae67a06014a6cb4751158a3f205a5a08668da75fd74027beb3d7917d9c861d283ec1d28edf71b572ca52083a994aec2716b2e10250bff00a55bd9caaeabe1af484c27d09458f2b28b058185f5898988078e9999f133e4c43e0f410741e910999f513f9b226093988bb430fa7e440331eb35bf532bb5e9b7e6298a4acf8e846676c813f53f4f93e8ff00f5f4f89e26b8aba71788794a3e31d38bc77b2a6fed6588d66c0c460acb3b5c478fc72a0f468834fa75494b5747ff002ce6731f93687c4173650a592efa355601f44a962fd2b8c25ff480b5766aa85dc82f331267f8e087ab083a7ee7c75fd0f58f4feba63ae3f1626263a6608f15776ea312fed1b10857e4db5dd643a933209e8e86b660cad3527ae27ed820333e3e3a67c741e27cc6528dfb3e4d343f22d4d3b8f8de546a052c759b83c76260b2078ac0a879c7bcd51fedb90cdc2613ecaedb977a270ea4b6c61b043d14cdbdbf4bb1ace25b4ad8975e2a8dce726ec3c65c199893f6a267a03d0fc83ebc78c7fb38804f33f4218319b92baecc67a9f3ebddbb667ccf882a7354b6d1622fcabb54fd33d3319590a6093d182cc476da0f9888d647abb34c50ccdf1d31d33886c7c775c4df68a4e77220e56f15b6021221e43897723ba94dbdc16f2bbdc33f3d2a6d5abfa98ac373ad685c34273d129dcbf08eda90c3c2c43853d0789b741e8c74ff009530fccc7a3031f831f971d31e4f5c0cf438c91e61f8eafc7b9694e5e3977dcdc8bb3b4f6e92aa9aeb2ca9a9b2667c4036300ccc000cce27c4161d4bf887a3bd96045dc86d49393a2d55f2b90793c84d3626663e9b4f89dc9fb5bb40bc94605fc9380f5dab5f6d3b7b2d7c63d02f4c4da00e456818d94e919008abe395c6ee25bd0f818e9e0c3d73d73d31ed587a31dcf5fd7a31d3c6933e8cf8fc03a8a19a9f4a6bb186033b7614cc5f731b5d2198f715d5acb29bf90d58484e66ecb3c4c161831572d72af7b8b48bb93cda538fc9046bf4fbf8f58e5b50fccbbb7b819e82b2d2ba3b949c63d99821339000b3e001e36f07cf4c7a5766a8722ca9fb96f223b8ad2cb59ba2af4fd4f316c222b665771d4a56cc16b211483f50afb5cb99e862c698f467a083e0c3ea1e4fa33d07c1f48fc3983a05caf44628dd1a8b12a2a44c4c4c9c2d853d1ddef8fdc6fa75e38181acd076411b67c4760518142c6b22557b514f62c1c6cca556ee4dba2df4d950e2ccca2ced599dece6717ecec27c78c587a5568ae908e557b7dacfa00f6d56f6c806c6edaf1abbacd898ab930cf3d5b0a4399b0d69e558b38f72dc42627d6ab3e95b351fb3ea1f2236663d1fb7d77f57efd43d666267c74f9f57cc12aa5ee6e95ec0a2791ee095f1ece176bb5c9b4d5bf138b55b57296fe1ab634af8d63d18c2cf939c970368b8c9c3da738c9d7c4c0d0aeadc7e4fda83e7a6eddbbc51b36033547b021f9335963bd866211d0084ce3a772ca02d15f22cddfa627cf4babed5928b6aa9b381ef451e656ec868bf44e3beebf5c1ff00cfd18284ea7a7efaa030430f930f8fc43a1f48f56263ae3d5fac74fd9eb55f6505999d91b516710d4849635dfd9a7602be47356eaade3bd2a8c7565f7db5f65c2833191b069cc15abb55c7ff00cfc1584789458b45edf29ab33a32a4f1a63c35cc78fd38dc97e346399f304c1d324cfdf43d388e56dc7f0bfc9ede8dab593f782cdd158a9c4b1dec551383a35a382d45a8716fd71899f119403898f563a68701710b626d9eb8ccedb63d3fae8267cfe3c7a0098e988daf4d7c0844c6230afb6752c42ea6f63c71e0d0386d5125a055cfb54a76b7e3bf6ed2ccc453dd0444a553998abb90d6e81fdd134d9366e42a857b1589eed8671ee1c7b4e54e1456e4bad2bc7d2b2f593f1026abc96e3bd9c935c3633f5fd9e823ff00600b1a9554bbe86c219cc1f39f461aab3f79c98b38d71add5fbfc74ff273ae5b3998530a8861c75f822bf01214c081b019a7ccc4022913da67e980f5e2087f063090792ea518a30f4666d33333271999e9fd9b6c05d73b4e3d2dc83daa38d5af89e709ab3d08ace08c743e22b76ce67c46b59e52296b7c6ccad51cb5d5a76c8516371940daba5ee7e42355656b470999ab365142d88886c82c654f2c38e9535c7e51dabb2f7361fd4c4cf5199f6fe026a28c772d6f3ff260e821f1e9006820338dcb355607beec3be758cc48ee50385d4340d3e06e0cdc46c614a6a213899e8a488ac632661423ad4aacf8f41e80c226a668d3b4d3b4d3b060e3cec09da02643435ab43c79d8610a911719cf980e0feff60133c89f278eb955fe421fb4198d8c8e6bb9e9b7bcc0f1ec3e5f57eda362ce4d0384ce18abf6ef87b2022964ef7f04c835973b577150c352ab62d21198ff002f1dbb856bf6eaaa5a2be176f6f6df03c95beca49b7ee394fc5b6ab79160b5b5f6743d68a8cb5a1338e4c72336bf71ba3050acdb9680033f6a1499576fbbe3399c5e4ad2dc7e779e4d4dc7b58ecddcc12667a28c9618607119c92720cc3408f3b4d3edc93f6c403419da69a1000611ea2b3b399d89f6f0d389db9a2c0890a24ed24d167b6644cf5ccde7726fd04c99b4cacd54c34aea6930d6d3533131042a2b47e43db40c66ee376ab11587695eca5fbf7af21d353f2cfc9bb9141a95690a547cb782ad5595a953a7ec05271a934b06f314ef673c5155c5ecac8ee5297268d5f8b4e67f696babd7e41c36fdb82ab2c8e2ac37531be517552c753e6622b6a768c0af5fdfb61f46263a28d998e20260bdece358987ed8d71e66666667cc5a8988ac2eed2cd144f1361330bcde6f369980f504438c919857d426de730999e866678ce7137137c4d7cfc00d98f6526a0f88ec8c48568691b6a0376a9d5ab4ee51c7a9df9694bd9a1c614565498874b3b7354299653fddad09c5b864ce2da94b5b75d681e17914bd7155a78059958b233b7682cfe47634622d65d803803c7eb6c3e6914fba2d82b6615b42dacf396ea67cb4ccf91edc0c42e5fd3f13388c727ad7e5ac050f5ec9aaa33b6ef676c98d5994d7fc828f02902604ce26f379b4da6d333333099b4da6f03cde6f369b4d84f6cedac3488a1d20a4c349c12f8f226d333333d333f44cda77782387b1333e6a2bbf8073ecd84360cf73da594a6dd8b7725ac26ab058328e11db9239756f59835b2c7b694e3061cabcdef61b17176966cde09fa69fb3edd838f6326c358008f589ddb6cadd72e0be9f74c53d9772db510b6463cddc6283b7a8ad35765ac0bad3632768d871b374cc32afedb0d460b1f9399f33c608f1d04f982621c91d047f70c4c4a38a28b3904f26ea97edeef19f13226d888ea2c2d0b4da666dd3684cccda6d3699999981a6c44da6d379b40d37c4de66069bccac3a9869061a488d51134682a63369999e97d2b54c4020f9267f639f0996276adedb38d77038df4dee9fb56fb0d45762f05de594f22c64e31b5788fda3633b3ecc254965afff0098bf667644bb9168e0e766b2e1aea8ead462c096b381671daeba9212d403bb9b372657472ade3ad8ab7e6c48d75451b9372d765ab92c36176a39295d10e7a64085898081d0c4f033d72711182b1c6208201b183ccd461aaf050898c404cf7ce2f1cdd773ca4a3f9e5ac8973dab9ee4de16c4ee4db333d33d14298318f3d3381d01edb93e73d33369b4da6d379b4da079dc9bcde6d33333680e26fd0a1c8c60cc99e628c929965c6df53e10a20c6df4d6a69e6f3ade25bcac8cd1f546e3f16d6bacadcd75dcbb71a77b9569b34b38fb59c65e227dddcfc6ab8c2bbdaaa793cb16afccee77aabb85671e95aefe4df7712ce25ba84b79553715dc57695a944b38f5e5e8d20771f49ffd0349e2f1f8e6ab47239dc9ad6f6b50a5763ab8ad5576442ed6dc5d61f11bcf4da2b60c1d333dc17d071042d998e9f0aa7288c0b68b96e18ef7d8241c6a16729d6aacb3345badedb8ad6bceb333c8e99e999b4cccc1931566934598108001ccd733b6660f4033349af5f3d475ccda6d3684cda6d31e710722e5e3e2292931e418b7db5c4a9a97b7b765b8630a1c6b981bda14457af2f8c9b38ab57189e75957038fa7138cd744b38bc456e071f92f68b2b9527dd16ac1e0a834bf1795c955e472ebb8db75ff006b5ff18d8ab13ef9c6a7bf6f27b2bcbee38aeda6e6a2c6ba915f21d0d27f9ff8ec1f4e1434e7594adf7ed5866cf430fc4d7db07cfe95d554310b3247a07c989e21f9ff00a69fd6b0d946b774aecf7359ed5719b4a15b287504033b431c4ae93c9c661c99882b72bd7102f954c4c7a2cf8822cd333b4276b10a18411e8d66b00e85756c465ae149acf3d0998f302e663ce06b8f3c6ab8d63ba8166e4955a2ee5dd515ba9ee2f2791bd2f5aabb9c2caadffe4e2f12ae371ec52a52f3495ee3534712b34595ad14556d1c5a795cae372e9e2d7df5b3856b4b0325ed7fff008c23dbf4b5abb5cce2f1e9a98ec6ff00b764b786dc5e12bad36770b37968bb38aeaec960563f1cacec588b9efc6a8d75bb741d189d20f93e22c2469fa95e81bda5bd060f8f965f9388c7253c475ca657b275524289700a28ab91f50a2f47171a6c1c7fec4898838d7b38aafdc71ad7b393c57e2db88b582be607999b4da21af7bb5dfa2c18c7881411a2e0aac3524ecac14a986810fb499999533304cccfa3e4c5b5eb4c4f33da4dd5d55b2521cddc3e3a97fa5bf7580a1c21bdff0067e42869c2beca65629e62771ea6e1a87e6d4d515b6cacb6fede3574f18f3c50d4f0805a6dd59b8f4d294dd46fc0bf71c97e5e5b9bc50fc0ff001b7f66ce2b62542d8c0f1937bc9343d0cff5717d38bb8e2f60952b3d61ac8f810fc8f04659b1e18923a18a7cfa3e7a7ccc740333e3ae372090b56a4259fc7de58816c44f1612183f29b466c5ee02ada9db217707c0e1fd41b8707d46c4e4d2c056f79b4557b5131e7131eaf18e999b19dc69dd69dc69b19dc682d60a6d787604b6442727a903d1e33acc66769f51845a99abb6ba38dc69cd147dc8e530a2caa91c6d87668e65f40cb0b1dd99149a9871eec7f25963f16c4e4370acaf8c959e4d6f4d3c3e6f1e85bb90fdee43f338f571ed6543c736f72bb399dfe271bbfdca6dd6de1f27b4d95735d5c4e430fe345a5ac3c7521ad46aaca6cad69e356cecaab57d3533d946badbda8ad6be40d031e831b1c40460cf199e354ea71d75f1907d274ed74a56a21637f662269a3bd0ddbef316bffc3c6e13f25dcaeef8cb2d6b4f1abb3917dbc77e2dbfd60f9e9995d26ca1b52dd1ec6b7a1e8cbacf6ebd31ebc4c1c63a1f8c7a3131d1403d073790b4813c116dace9e087e1ad514e8f6dad6cc30876cebe435728e55d4271196ab6f4bed71676adab9566cb6f198d76582fe131e457cfb1559f9d6bb681c64bb716c54a7849c556af5e2da1391cb96f0d6852010fc83781dbe1f2693c6fa803c3e5d69fc761570b7f705d6852390ad63a72360d35398489aacb575686633352bd3c6bd40cf45ced0fcf553899188109adb4dd1891a6affd998f1daedb13ce31857c3047b69b2cb1ef7c437d962a82c6da9e93afb55b516276a67ddd3e2124cc78fdf53f87c6beb2a5533edf0d19407e0554195a254adc4e15d395c7e3ad1c6e2b7329be8d4b276db19232671af4a980ccab20f158d773fd3aedebe6d565478dca78787b25df4dbabadf8f68e3f15aea5bb1f72fd9b29b38bc7ee3af656df7b971b7128e5dd4a5d7dfc59c83db704b954ecca82ecfe3969cd29464df6935b4ba834845b74a13ba9cb08bc8f98ab510170abacec9dd8ec4fcfccc403c9f980953e8f9f42b0ec75f1323095f79d69d906af5f1ecd65ddc16be729daefd3c8b29b87f1cd5c8fb35ff00cfcf4d807d8b1f9267c0fd78cedec42a1bf5fe8666667d3ee048c357f4de31a3ec6dde8e238e557a512ee1df644b2ea4d1c677242b3257b5be33521a6724adb77952aace29b6eaebbb95bd3be6bd96da7ee071f814732c7e47678e85fe9fc666e4f7d6a7567e08a12702be334b789c9b5fb2f6d897dc799f53aa9d2c2f632586b254aa5c4722fa294b6f7e4d1c567a2e6e3554d4bc7afcd3b595f1733c1035df6f756fad9730787e4e60f99f3f835f66463e4fc1f385f058e4e4cdd4becc12775cbb3d6b5a19c84c10e2a34576580b069676daa2e4aadf60e2d54f7ac39958d9b6c82d9383aaae609faddba6093a01eacfa3c67f09eab9ad89da516b50dffa17e5fea2b6d343a5d556d5572ee05770ab8e78f391c3a6dae9af808eb5d95a8b8ed6f2dfb16d75acfa7713bd7720d62bfb50d1d6b958b2ab7bc79b3b4ac56af15de459bce450d6a1e38aa27dbd7c5a3ffa6bb38d5af22fe2ff000fdadb744a92dab89c7a6c2e76a3b03ece8b65b8adebba85e1aabdc6ae22587995769bf7f10cfd56a6cb47b98ea231f0263afebafc40540f11719e9b2cd3118aa45271fb27b858152018f6a96ac319fdf89c973712a66361800142a0ff004c4a93b91aa64a402c7111db046c7530e0018d4850e40d7118153eacfb663c0c67f18d989f83e2bf110f174a5889c5b92b67e3ef5deb670afa80239bc7ad2da1b995576728bf22fad393c75fa66b60d56594ec057a2b55ddb2fad5ea6e1d76afd98acaa94aaf5a14f0dd14bb4e47192f9cba6f36f14e272c85e2f1b845deca8aa577f665da3d88ab4ccd0d7f683d2fcab12a4b8d445552dc37a9b9cce6c388de4b260ce326ea2b355844267fcfac7998f3d7c4299962b0708f7d8c8d45980b06434d988ad77b2ac0e5b3810d4adc51edb5c31b3facd8e361dbd143f1f8afca36716e3c8a6eb68b9d74457a92ac907df8c9983082b3c4f18b1b7798c1c7ab062a16e83ccfde67eb3d7c67a0fec46cc13bb1930c27912badad22db969e172e8157238d6b3670e6eb2fa94826a6bd147dc976035ceb2bf7d830a77aee2ce6a21815b5d433b18a3115b0a8db03811786a9cbfa85c6bb6bef591f916524adfc8e2f6791aff3d44333d26cd2b08f671aa6dd51abb2354d559f50efe27ecc76d8d22dbadbd18722cf31fe01e87dbe9fd65949f983a087667e3ba5575c6aef56ae56dabb4b610629945797ece96dd5b25d862100b8edb8c1de9359856a5beba9ef7af8a68e6f02faa9e5732cdf9dc7e2f7b876633fd54fb55b30b16640cc36cd7fb41b3666f36ccccda6dd3c74cf4fd1ea4e4cc74d485e9da6ad082142968a95f65479d62521cbd6884ce05d42af20d66df12aee29a5afdb8f53286cc6465881402a4aea0ae6695ad8a058f7a7f09ca003d89ed5eeb061666bb42db5d4ad53b0ff00e8afbbf6b5f28df4d9a2854f0ed6de6c2ad19bede701438e7256d4f2c7f1f983e3f5f278fc75d2cc775b31b220fc0c4b1d48822a785a99a0a818b55aa8fb3da696b27b565b63da73aa894aaa2daa6de1a54ddb0886815ceed99af8cdc9962dd0563bb762a3c6e2d8c3914514f26db92fb7bf62328c5271d96646b2c7afb9dc615cecbf63a06d6120f4f18fcb8f678f41c346a3328a854d6d7f736fdbe11b82c53ecdd50d4ca3ecf15f0eb3596a69bcb7038994e1d15ba2d3507f2d9c30613c62b7689913fe8a8680b05b331aacda83c589989c7553fb52db2eca0f6af5ad129adbb422dbb15b8d4ecc7b9d9d2b2af651b5c9623eadf56d599eb6a6ef89a9638c8777d2b5fe17185c607663215801301afb58cc0b9102218b5e4a5472bc647abed5a922b446af8458bd22b76e1ab4e553dbb80d8a03de7f740367576a8fd31d4f1e8190c4084bd93fa5ff004ebc56a457a944ee1e3ad48cbc86e2630b859aced603686a042d8edbd84102caf5af5d90ac2210474c133e6788c72df3142e67c368e57d7faeab69839090de84ff00134fe1101acc66555177b56e613baee12db04efaab57cae3a357d9b23f1d735aeaad750b38d6a9a4065afee70a96ad8319189883c0cf96d9c0f008f73a806f7b72aa77e2d956b8165cc9fc6ad620ecdbdaa552f2caf556bde7040ef30c9e66c6f1ee96d3da9c601d9b8e35fb721adff19b3dbde006e1a256af55c9845b1eb5287675283138a994ed6b5ad7169091ab131e32a4dffd6ba68d791c7645c6a752118456fe4a9d03d3c8aace3bb136aab7df51c4e3caa80aad529b1eeb9578dc64b87228b2cb538f5574119847b48ad92ce38dad5b9a60e7513469e702b2f050f934b085480c194f6d8c2844d33089fad3316b7584582b0b90692d0d640090d644ed9d9c316c19dbb260f45515835b99dbd67bb1d9fe2ed284edb58129d60a823ab2cfdb782590cedd2471ce1ae50c89534ff1855b38f0721581b688bd7e07961acc9cf9d6b6dc1af6e4b589b37660f7cb3f878e6cec2da85e76867c116864b0ff005397b1a91df1c2b039e156d6aaa5437ccbdbdf61c0c755c2a782ad506073d9b366b3c195dc95cb2d52f56432c03242060bfe70be481bf3eb6ed7777a41d8806c3b784651470c9d8329ab3656d77735ff0013722eddea5e3acab8e569fbcec21ee5ec4acc863491d85d94f71e776c618703bd705b2dd94179bb884b998b593e22fce679821c999613bb660d8cd031116d710da5a79cef019dd33398f61768baecf5eab8b481528081847736c2711432bee656dbc0f98c65aed80faaae1d155431b01b302d4342ac4a9125a0ebda795af6c4ccf3b1cea0923c99fa1f1767b616a58fa2a01dc0cce58d4c4d8c7714d82cd0e0b65dc781edb3da258d9b7f5b602e09e41c33127a792578e4138565c055199f08e413b3ab3ace35ad8a4ff18fee4f96187552ca5378ef89cae49b9c36b15dee742f53a82cc8fa4fa721b2e18cea81f908a43d5b5bd978946a1530b6568ce39094502de3356c826ad8c345c61526a14cb02f734260ce0e0124010fce099ab03a983b827be02f05ba9998c313b8749fbfed0e3032667a3e350b5c60d8d59a0095a9f7036dccc432825729e66d89f70c8ceed8e3d9677aeaf1659b86ee959af75718b0e180267fd66798bf1bcd205d429f191b1c3c6e3e67f498f0a8c911b686b059dc24266b9850c75996c20cc2bab7fc82336a2b46e2288f5156a38fa43e61d454bf0d9764619eecc9d768ac459c5e6d9537dc25a460c3ed1ae1b6c373aed2afed145238e30a7fed7067dbdba706a6830855a9665c45cb8b8132c35d759e40aeab2d22a4eed92f179b1eb7a81244ef0ce6b233915d7de7dbc9201471b6733dd0e72b63a4cea769938d44f006419a98d08c1f135ea3e7e6684c1c67c764c1c3b88ec3e3b7aa3818c614e30aec050525af9af51aa3908eaae7b4b8009295ff0018f69b5c0019a25c41d91a06109c4fd90772d89e678cebe5f20405a7ec461918f6b31d913048e9811890b9c464c0272bfb38808209ed94b8581b62479e87e35cc35b073935ae63d73685d2d565ed8ed657e9f6aba21017258e376f89f532abc65b348a35973216cabd6492c9b28aa944a0d3926b5418623fa32bf765ef4a2eb827edb5002d8e54968b5878a29db5ab75a121a69c2b71c51daada01552e578f3f88cdab58afc7c695c34a4142ec6a86b79f696e1a97108c4d5a61b1e7a620d0a741658000ed145a16bcb928bb6b59078eb8b30b3dccaaa32e51496c457ac822adcb2629b4a2d44767934774af1eaa8ba64562cdb6ed400d64d9b10fe10f87c18a33018239809b27c4c083c743ec50379b6030f6be4418d660e31ba3291d18cff939847bb193fd66313c6751195a61d61639b36d836b2a204d9119079fa4d045cd50c6e75ee184eebcfa38d5b91988177d01add7131b37d3b8fb4f22bc7f12649b0049dbb525af72d699142e1d1033c0050967cd9968cd84203596b8ae9de9dcb1edec057776969f226d61988e3106d05d62c37bec2f7c9bd81174fbac45e5a10fca710f2b33bca677161658c4b1e81c09b2447433be356d4af69407ad1a68193b794fb7eda768bcfb668bc5a558d75296a6a7894540352b5109ad7dc2e23121bce31e0644ce277039c8202e421f77b730ead3c28ee0c79c869ff4e50c530b419d5b10fb6339d51b45ef3633e0196621f8f2d171913c41f3e313c4b3025c48b4832a4b725ce064cfb6b11fe9e8e20538d46eeb3946ced9ad919d3b76d4a5e06d1f50e38bf4f3c8b0d4156d738c657fa1299b589878ec25b52201484a68664b39571bed64b72d66caa7cdaaa29e552155637cb350d43d62b6c6432fb154bcc621052c0320cf267be69663c895ea1aa062f0bbed6714d6dc7e22d96d9b82f556d476ac9ae26a26b3c605daa6c11beeac465b92c252a682bf76cd5cf696158c688e2ce3b1294bac40c26368f53957ad8a3a32c4fea1bdcd60255b3333551001dbd4cf728cf9022fb66085d711727a7c42403e4913facf18399bcde1611ec10b098f77ef630b205ced333fe411d30322b97e1eff0080f6df63f619a050a6bf72fd2db2b31986b98613e2370acb9ace23d165546d651f4a7b1157550228cb6a3b7edac296d355ae0b063b4259996612c405c59b889b2c34607f2d6aa1adbffe745ca9c2bd53dec877070cc190095d19b1aadd0f02c33ec4e3ed002dc7777355a90ed303b8aac6371ee581c63c40cab16f380fc52a578d1ca8810d8d6d35a80088e205787c289bd90d96cdac6858d656eb047e4b08f717416b875b49ac724b29e41316c260cd4ddf066e31988d55b14851904ec2644f699e0cf19050985e33110988fe3c927c4b1e13b0233378dae09183a89bcc985840d011015133160b44ee79c8eda2bb135da1f5f20159ab2ce2f10d86bc5516c18f38e98c103202c08260e0673fbce8a1bc396991a9058eb99b79dbda51a7bd2595159dbf62674f6d73f88cf601e27efc9850ced33b3f18cec162d4104d4ecc95d88e0da620b4c6a6f3192c10bdb9f7641b353b2bf71e788571089a1d5546713199dbaf40acc7fac55da2ae87b693f8832a846ed8ce989ed563ac665653fd55d526c0c2b815e276fc595e1dcb080e8bde001bbdc1c5881f215c3ccbcd86b187bcdc1477abd5d9677c64720293cb0635f1ef2d3630fb4ec492cd3244c923cc669b6b3fe7198960c1b0611d66440d304ad9ef95aa76aba9a27d39dd78fc4af8fd19362a854e66de320851b0c6bd1443d3e0158661a6320abc3b346ee4dcc22cdb72477bcda766bcf72b4034d4064f04808339187d82bea431983851351af693535a9869c4fb7663d930d6da016a8369045fb26a2c9ab6dda7cbd366acac605672559084267ebb24abfb0146c7808ec2b2eea21bd54ed5e432cdbcff00799d6792300915881111bdbb6e26c213e3235568a377c6adaa98527856776687bb9eebe3b9660dc4429bc556c1af3d08ca9a56355e35c4f3928676e620c67e67c1d3da46668676f30ff93b793ab445632bc83acab8f53050a8a48d5664ea319fdfccde0b330beb3785971dc13718dc184cd84c8303285f18cf9244c831866100d7aaa88de4ededd8cf2d14e8dfa26606a93e40533e49db243b42a430166356cbbc0f64f7e7e490ed15f51b9ce5986b950ab2d0a1367c2219bdca4f2ae13bcb3ba88d55a52770346e419f713ba26c181d302db15b2fbf73118d938ef881d44d84eda1826b99db13b620a867b431dbc461e59c89938dad0496ce330ae6355982b13c4c030ac30a88c86768c6a01635c65853c68338988be17dc3a0309f6ac197653a4565c07ab0602ba7dcac167846f2f645b8c1c8585c40731f74636fb9393baef3baa66567c33e32966f0b3cdcc2d0e5a05613ddb313b7f527b608559e321bcd6e26cbae5203e336650d6279b2dc60a82d1ea392a4cedb63b2e262d527770ab6301518f852a19e68ec3b7728c72ccedf2981e35c6b2bc8a0c542f090543911dcc59a8ce002478dba32ae0e320f82cc15ad788de53dc428ca01001b6045ad48b1ca437367ee5f1de2c6660381ff00262f9250634193589af8d66bed226b8999fa31a1eb52076e420a9c09a0d6604d06f62813c43e232eb3f5b152963095d8c62ff6f2d02e61406356ab3fc2ddc2297b582b1fe436900794248202ed58057b61a059acc9ce4ac27dda80b93a8639c643b911d134db03e1d18e4d866e70a26355eeb6e18e724c3584a89f613ec7275270cb6b07efd82775da1302f9373e3783ca3334a86d499b796d44070bb7b3ffc4002411000103040203010101010000000000000100101102203040215012314161032251ffda0008010211013f01e963a238859070c38eb6908a23b60c1bc010674e2c1d08f4d59e360ec9bff9b7f4f58875802f17a82f14423d51c348e2f2308d738430193ee708e58d90c2c2d567398ead26ead0f4aae9be612c551edc3d6a9f48d261141a11a5c6d1d00854f2a555c944a05183ca002ff21a7346f459e4854d2022d2a6541428088871a50a3403c619b816ab9c5180e738f8cb4aab622d0f188e7a4aabb99479ba54e08c117737728a95fba10f0b8860f186143cde1bd20a143437e5d0e3185e2bc178e19d197faf0c1a510a2c8c81820aaf579b64a952bc9795936c34286f8838377cd0054a273462868bc6c0d8f88422a145a6cfdb05d18e58ec0e1c2851826f198eaf92054a9411bfd1b3e5e2f851bb0e2a52873965153ff153702d368bf95cae5863862a3145e5a17d625161d0c9701a1c7430a14286e572b9c516cbce19cb1a1c30605482396e10fdd68b674a2c95214a979c12f2b968c538274a1e1a1a2d0c2c0e368e538bffc40026110003000104030101000203010000000000011110022021301231404150036113225160ffda0008010111013f01c244c21945eb145b2e2e6f38bb5ed78799bd6f5858b883c2dbfbbd0f13330cd3d6f0b2b72ccea9b9ef9ba13136327c2d8ba26f5bdaec9b6e2f3f033d656ebfc05f24c25c8b0ba117086be378d3f221ff00120be0431885fd2441930f7ad8c5f5aefb8a227ff3ef72cbfe8b16ff002e76dc41764ed595d576c392e50868e5158bcbf70d7f426c587a69e87a921eb627e42c27b5f5bdd3ef68668f7d73e09f76a34fbf9efc2fe1d48ff1fbdbc6cbd3190988423fe12e36c67890e0e364dd4a5297a38ca2889bbd77f34488718a5294a5c5294b8e08426ff7baf53eb6799ff2216abe8452ed878909d14a5ebb4453f314a5294a265ebf6321a37e9cb110f11ff8cf01e99baeca791764121fccd520941765297bff0008f1e9f64ec62e9bf02deb6de8fc2f6498a8a9e276cd90851ec58b8a3f78fde97e89d8c5998988724c72739bb9e8ff00c3c0f020d70264cccbcde862db46cbd54bf02b85883d03d072b13136226c82169fd35c82ccc6a5899587bf838383838fcc73859e0bb53e0b86b1ece4a3d586510b6a1705352a87a5a34e9132f7f2727e9cedf5b9226383822c70370a37962dcb170ce73763c5e9f4516a2a29e48f23c8a8ff00a8d2269dbc0ae29e451b3d9084c4da862123c765e94f742744678b1e8d47221fbe467047b590989d518914a5db05df764a781e078b4788f48b4a21e2c841279bb210a5454792d9c1c1c62108426ce7ae1334a229e45294f23c87fecf210ffd1ebd9e5b16d7b1616161772f8ff367e67fffc400431000010303020403060404050303040300010002110312213141102251611332710420428191a1233052b1334062c114506072d124e1f03443825392b2f170a2e2ffda0008010000063f02fe7bc39e599fff009d2677d3fd7f0c69254da07a95cccfa67fd5365c1d80647e449c357270ce4296c0a908b1da839ff3b0fbb24c47f9491199c1fca03aa0d1af1646385edd1ed9ff0054d12d9f1a4f89fd9540f1248e53d0fb8df5f70295af3b3eff00e8dc7f2ed60f88c653e93a25a76403c41b41fc80b4e552b458413bd0ff00a9677d55d1cd99fc969de100b4e2696e0e7fd240c69d539cd658d3f0f4fe723a7b99db2aa83fabfd401ad6924ec388631a5ce3a01f9814c7dd6dc001babc0e570fbff9fc9fe4cb5950546ece1c0b1ed2d70d8aba01ec7f2c5463a1cdd0a2e3a9d780734c38641449d4fe57e1d327ba0ff68749fd0d5a7167fb9163db77aafe106ffb70a69d623fdca400ff00f69504107a7fa42e7b8b9dd4fe78131dfde0d6892741c6d60577b43813dd16d39f90527dc33d0a009e66082a2787f750f68ece0a0e5a743fe8fa8ca948f8c4f23ff26247cbf2a0820f7e01cd30e1904700d08369e16bef3cab5cc0d90661435d211eab255e344e6efb22d2323fd058fcdc889fba6d5c5a4c7e4b4370639a78b5cc686da035e2753d534175a09d53886f20e9a0e0c2f04b27309f57a9c70a7e14f905f3fab8177be50d804541cc270ea385a74e02b3747feffc94a8ff003bc2009240d3f34c0d32781635d01f83dfdf6f7cfbd930134b1def0e0efe8e6fe563fd01dca2c782d70d41f73235cf0d638ce3e7c4d8c73a32607003aa8e9c67a1fca6f07b3ab547f231ef63fc847f29385caf0f1133c0c1d780a7e1b7066edf8b0d404b27980551ed739cd9c176beef9a31c7bf4f71c69badb9b69e03dc7043dc19dd1f700e10aa0ea67fcee67e5f9f00cfb9ff00501de1c7c3b231a7bb1efc71b5b9e9dd16b810e1a83eecfe44fb90be5c5957b47f33953fe4871f93dfdf86824f40b4cf1b9c64fe607030464146a5432f76eaa36a530e2f1caefd09cd6bef00f9baf16fa7b87d54fbd853195278029c47c3cdfe713f9af1193bfe48a94cc39a9d51fe671fe41ac2795b31f3f74b7f3678961f8939a4687f2dd51b4dc69b7570fe5cc693fcb011ef67886be95a4e438ee3dfb7afbb8f5fcd8e0e97010273ba2d8dd02c65820089e1e3dbf8775b3df8b08bbc69374e91c647e49e32ff00a210118dc4fe5bfd9c458e9f97f97f6f7d8c7bc96b7ca3a7e407c58751014aaa2b542cc4b606a54efee191e9d90c01e9ef89dc4f0214f0a86989b05c789a571f0e66d959047af16f1eeb285b3de7de3e87f6e0789fc9d3fcb6067dc1afe4675f722b542c6c6c278b29389219e5594f2c6175824c6dc34e21c35190bc6aa3f8bcc0f5f72f8e5d27dcd7e5ee3865a7ca7dc6baa472b6d11c4faf1fc526dec8c379765dbdeacefd34cf1bde5017235079e7df240c0dd46aa36957334f731fe538cf0dbe7f945a76f745463a1c14ad620630b048db1c671e881c19138e113c64e7dc3cd99f2fbb373726237e3548a8d69a6260efc27854a83c8d573460fc3d14d36dade9c2480ef552f12df5520be99faab9bcccebee573bb9aaa9a9508781c8d1ba63c903b239e5d870d6df45ce3e8535d45c40dfd136e79395d42ba93e4f75cfd1630d1c60ff00990131dfdc13a4afc00f0cfebd502e6dc3a2be9d114b1900efc30d81ebc007136f6e36989ec5104411c0c7afb993015ad3767cfd7dd8f7483a8d544c8eab01594e275ca6df36ce613a34d8f0778ad2ee5e58ea8b438807501459cdfab7f726e1e9c30397740e68bbeca055a47e708795c3fa5c9ed0799c6215d49ba23e3bae71c64e47b80cc8fd90bb50b523d14788eb823061171d7de9ff002d1381b9514eb0aad3b811ee691ef8a73ca33c60ea8d503901839e14c784c639a2091f12d254b1d046fef0b84489504c0ebc5b699c67b1e0de46b60463759c70368d05cbf118f155d961d8b7800c9bb68f771aa22565775af06cc0811a2c1e1dd3710e668426bcb1be237e28d426b440304a6d1f0c083713ee35ce6e8ad65391f0f65e731d14eea3841308db1850bbf08ff33c69c46b3ee0aa58430e8533da1d4872ed4f194eaaef8938bcb8bb64db41353333a701499e676928b1f870e04038e11c20678eb0b508b7e13aa031034e1d7836f7975821b3b280469ba0e0482323852aa1ec79392ce88d52036760b9c4883beea00cf0e49b769f771aa99872cad55f10c3a14d132775e19607026677f7e485cdb64857536c0c6cb1107532a7aa6bd83215bfc949d7dc1d7df8b733aff24eaa082d6ea273ef73921bbc05aa891c0bc31c5837e0d0f790debac2f0855f12934e07c2574ec80f2ceee5060c74d0aa5e0d2f0270e83baa973e1ec745b1aace5183c22341c06ddd3ad323af54ca66a0a63f5128b29d4f11b1372380677e89f4bda29b4b5d90fb64857536db4f121bfd945306dd8bb5e22de6399681910ab566d46b5acf849c94d21d248c8e89c798376f72d6b98f0d005cd112a7869f90ece9b7641cc0223a2e69fa92b265cb271c27803d5745b2892b3d234569391a4ab9b764f95795ac77710567445b11fcb01a7f2f9e04e31c64716d52058ed082b22168b651273aa31bfb8d6d7aaf86086f2cf1f1486c79bbc2d785fe236662cdd641f928e0c16c386a675458e027d536c6da40e6ccc9e0e2c7366a632dc8f42bc78fc29b66780f1ea5a0eae4e148cb01e53d50341b53fc70dda278f8a22599170d567171d5359e235f2271c35421615665973aa0003bf4a2e0090353d13ef0ebfe18f772613ad03e615a18dcec02ceab5e195dbdde537635885ba1cfb909b6bb95a02737f7dd47fe054dfb69eebb95a6446469fc81b26dda75fe53a2c708dbf227a2c4702c61123305d1c795b38ce2541071a8560035c12bc3a6f9f6a71f2386fd90a75da467211f081b36b8a7bead4b336b60efdd7f877fb47e1b868d41c1cd93ab6344faf8b18a64636df8186a13a27006475e02ec3675895f0b2e3f2513a28db84c8998845ae043ba145f4cb85798fe9b54cf07539e5266103ecc2a7871f1f550d32dc2156e6913046e17eea386a8b89c9d7dfb7eab6247dbdfb7c46bf132cd383bc4a7782d2009e19696878df750bab4a697644abbaa663e2e2d21f2e332d8f2ff0095c7bb103df3e154b644152f75c7aa7464b85aa2a9f0ab8cb5bb387fca97193dd39ac6f33f57f6e90ad8df54ea18763f8ae6e531cf005c2627285373cf825d96a7068d1164877708cba308e40f54d653a601ef99298d650345ed1f8809dd36a7884573f01dd6647af1b9f45afc795c8e23b2fc4791df54c739b0d7f97bf01faa783687c0d33ea78ba1ac703ab5c10ada39c48c29e17e22635e1d3dd24744ee703d77e0db6ebfe29d3e4896b6d1b099e1850dc9e3cbb885a2a77d4ba1b007e91c00c96f442c745b96ab553a738d7845cd7776fe54c63df2630dd7f9ee5bbe7c2642ff009e1d5348792ff89a468b023b4ac5d7ee0af00b59034746576e89de39a81e348d173127d50dbba1b847c4becfe94096b888208698940493186e74098da2c71a906e12bfe5359ed3f8ad3ffd374aa9978689b7fefc1a5c203b214c92b9c12dec98d3f89b0153f6424ba99c9eb957bad37e6423b72c1b46c8bec6d4c40b91070774d22a193e66c69d11aaeb9cf73b24a79ac5d3f0b1aaf68ec4c283b70a6f7f330ec0affa6a45adb62130520e000cddd509330207a7e46179b284f30ee8da2d13a74f731c799a25a7caee1273c641841cde0fed8f7e63f323f926bae6e76dc7081aa2d7608d7f27b1f700b801d516f29eeb9dc5a3ac4f075260bdf1333e55507b50baae96b4e8a75e0039c1bdca70f158c81f16ebc93d0fb925ad748fa7165f1ca20610f19ee633720231a6cad7b60c6e81b1b14db1230a1daf54ecfe0b0fd094d3530c276d554ff0c1ce03e584ca2e7b397e26a6d5afe1fb4078c586554745a3e1013aa547d94d9a9855a97b3b43c6b73b5b51607721d42ec0c4f456d62f0d9c96657a26d4618737211a8f3cc78e386bc6ea8518985fdf84c8f4ebee67de26ecec235e21d134e61dfd2af66411857874b9de711e53c0126651a7e0ff00d41f8cedefe78be412ef873a7bd9f761eeb475fc9d168b4f7b4e18e1a2e698e3ac2d786070c4a7b89a70de602a7c4835ce6b3b909a5840a80f9dbaab9d927746afb2dd4da440bf7ecbc32c3e21f851a725cdd488844fcf253b70cfeaea98c7bad683f10d1537d2f686beee9b26bc54bcd4db7f9a9a01cd039aa87440f409d173cfc2e188f9221b9b819e5e9d17810c3cd75dba94d6d8011abfaac99f5329ec3e57eab507a15336b1c27262e84d681ccfd154c585bc8e01ebc3bb94eca2de69f32311813928ce5bfa6775b141c221da6542616e1c1c1fea8d4abf19cda9f49cd6b9cc6dc72ae14dac9d5ad0a7be9ef49db89e136b5bd87164381246474536b5a7a37819318e06e75b8e93c078d7787bd9aac69b70370e53ae25786dcb4981d428766733d5495859e20753ba8e87861671c07bfebc04c644e0fe46dc36e3a7e6e26ee3a2d33c344087f3eed8d132910229e901667e49b53c46b83b4035f9f0752739d93cb079510c716bbb14ff0069a6d2d7010edd07cc8766610b6d046e308b5f4dae8326a06e50797825fa06edeaae0f873740a4ebd51249be502ea6e13b9182872eb9cad565c40d8dabfba225a47ea9c1433a68a936bbcf853d740987d8fe112e2d55039d26a8049c157d22e0da8db0c8faa68634005826d374a151c1d6839b543643438918cf0a4d6d382d10e3fa902c304687757490ed6e28df2d76a3185f87754744b826f8774dbcd775f77b765fd47eca0fb931210d3227067dc104cef8c7e406e24e24a8e1e13cc861b9aad0e6bbbb5137676fc8155d0e77f567f91d3f3baf0d56bc709b63487ef2b4c2e5606f0edd91b66d54cdce70f88447dd1f08bedeebf12a160fdd38d3e5b7e7722207aaf2b8559d670a7aab9cc0eead3a158c2cb0dffa8275b2dbb0429b04f4010341eda823523fb2129ee7d30f75bcb280a8e25a34118e02e6f984ebc075dd7318da63441d74dda1b35f440b84eb2251749240898d95e1ae14b62fc5cacbdadff7e17fe65381716bb6e8569d9647d42639dcce27ca3a775e08a59bb1b93da573d22e3d0e20a6960d4647e92a3759fa7bda2d78743fbac859e238e80faa98036c0f7034ba01dfa28db63113dfdc65e20bb9a3b70b58d39d02d3837c4692cdc0c4ff00346c7b848831d386b0803a0fcbc0a87da3af0c287921bd96b85762256ab0a0b47aee9a6ecee234534ea07776ad72acb81f4d17440d81d198d42751fc0a2d6e609d568ada61df44291a31581cb973f339d8e8a9d22f6bbc33cb230ae6c3b7cb70561a6d7198d972838eabc6755b796eb532b59c8eef29d732d36e3c3d3e6b131d616bf451042a544bf0c3cbb2b86fde54122062153a7585ec6660a0d980ef9a2369405ad81d1446530ba939a08dceeae69ec71a26db7483f0a07d9d955d59864b8852ed7b28ab21bfd3aaedef1d6509389d518321075a33f7e1bca9f7f538d3dc106606bc693fda061c2e109cf389c0083ad04b7672350bb9a78e10f1017346c0c7bd9fcbcfe5f941f774f79a1b5d957fdbb711d7bac95e60b550012ee815af69047c242f118185a04c7429c6bcb1da86b0a77b3b1c24ee5455b8018308896d591caea7534f54da644d466202786597b72413fb27bdae8aa072cb2578845a4f4c275c7988d754e0cb5c6d9ca15a9559e5ba0e89a6a30b43872aa549f44d3e8500ed37ea55b45ae6d3fea3e65cb75fa9e885f71073aec886132ed9aafe5b9a62d3aa63a93de2a387e213307b2b9c7e21cb1b27635d2d5fa42357c32fc7293d3b2228d37b89e513afd110ea7069f9810980348789929ec77fee64cee806bae64633a76e1ebbf643c0f681567ecb5e0786403eeebc224c0e01c5a1dd8ee810727511a7b9b70852b1c70b44d6fd553a2d325a3aa71f01829d9617eccee9cc63ef68d1c375ca31b71cefef997dbfdd19d56786dc4386a3f96ecb783a485e6cf4533ee76ea9bcd19d7a2159b50b83bac2e6c7c94baae362703e689324465cdea8af0d94981c3e294d754f686d1a67cdcd27e49d6557d4a7fb954ead1af97365de189b7d53ab349bfe2218bc56b1e2a5d18f2a2d3735aff3b4e0946ea0fab480865eff002aa8ca9519e2c61a463ea9cd611ce32d2234dc141d4ff089f3301d7ba249f9754c63df56ac0c37f414c6f857d6719b9849fb2b69d1b2d105876faa01d963b1cae8fba34e4b4e809d1065e1f2350131946890e0dc8dcaa6f73e1ae2b94fe1ece3bac81042348fb3cb62db9a7053691a7e101039f28563134de79dadd7752ea7b40b04c23ece28503500e71ff2aa35ed11a6363d94c9b24da7677584fb807ba3058ec05ced0ff0a9c59a26b4990c10386501c6601f5f7217677e46dc6101dd736116ba397b2f34292f309be0bad27584e766354690a8e14dc723aaa76bcdc473f409c339d67a7e6893f26ad3dc39fe5ddecf8f0ce4c8e060913ac1d78f23c89c1ee9a6bfb3bcd23db54eb01a4c1a34ab91741b06a48e05b630cf5d9080e3fa95aea72df840768b16fc95375363bc5f8aed10a75fda9ed8c31806aaa78f52c709c4c4234c549b7375d856b9ed6e6613aa36ab9f9d264029cc786fff0021fb26b2da7469e4cffdd114fd974766bcea9f7f8b4eb0fe1edf544557517b29e0baecbbd156b293fc79e47ee0267b33dac0e7b32f73b655054a96f2f330ea502cc119083ee371c92eeaae429812357387c2ada74cb18c3cd1a946a8f6986dfcacbb3f447dacff0008e72eca0035d4584486cf9bba716d420bf5ee8ba9bdccb5b2e70394fc3ef3e58dfaca2dacf674b1e55ac0c10398d3d13716489f50bbfbb3238ea9e0d36ba4609d916ce0fe45d83d8f10bb9e0d6d41bf3227ab71dd480e0632149c88d978444666feaae734c0c4ecb0a57fd4459693cc632bb2c9e05c1a486e49e9fc969f93183e9c05b769f17bd9e12663b0e1326e59d13bc5afe1b4692354e008737af54df10b9ede85c802ff000e91ea6617f87a2ff146d08005aca9312e3a27d2a8da2f27373468a1d503475211820fc93bd9c7b297bce5ce2855f68b43866758552a556922a6694647cd1f0e338ea9ce6b7c427cce2c248f9a0039d279af0774e2f68a875badca02a7b45371c924234e5c0ea24613bd92a19653cdf4dca9fb39aced346b61a23aa79ace152312774c6d3a16fea77f74d2f2ff00f6c69f54fe4baa8c39e0ceaaa543e23ea4ea4e851feca9d3f6531904b5dfdd54fc6611548c35bfb14d04ba07ff004dfaa9227392dd4a90d3ae5d185e087bcb7660dca153db85516b61b9993ea168e1390d7085208a8c026e6af16e6526d81aeb0c9ca678f57f0f49d48840b24d379c3f49424cf45af1036e19d38b45b047c4bbf0baa0b9bd0185d07d7f272a755f6408e656c0f118647f757fc2e398d014d206df7405f3bfa27d23500a61d3246a53fc58bc182855ff00db9d7badcc9476ce9c03432f27a653a806bee3ab028b0ccc6762bc27904c4e384cc9e887badbe6dde3546c0eb36bb5f7b5f7e169c32631d38674f7b2254c22d654203bcc02db80b8c0dcf45f855bc41d621361e20eb38854d94ab5cf7e0e642f0db5691747974251a75190f0b9185df256db9e8b7439b27590aea5659f135f537ec9e6a32917ef6994f635c6dd1303c17827206e88a6036c3969110b979aa6c0287becc6538fb432c93c85e242f169da5ce89734a2ff0067aee156435cd311f4555bed5518d718b4b422c26954350f9c9f285e050640386cfeeadf69a9246a54b2932898896610707b5cf60c3faa6baa339a72d73794a86c41fb22ee42060349fbc28731af645c6d4db2e1123075943d9bc6a8ca4ecb82a75293898712d0e6c2732b1b69b35b37559acad7783a076a9f4694898b869852e659ece392ea4679906dcde5d768f5443759db75dd4aeeb50849fcbc71dbe6b238c63237308c1d754e9701fdd383a08dc6e154069e6dc774dcf3468333eaa3a2697327783ba737149af11e5d3ba91968d277c6a87e25cd9d01fbab63981d66708068e619280b61c3592a2db99d3baab5e9b180bf19cc27bde6a5c32d8382eeeaa1aa2faae8879f8512c0338c847f223ddc15aad56ab051ebd656a8170d44f1d00ec3f274e1758eb7ac296bf98ea2102081dc894dff0012d69bbff7230a3d9a2c23309d443591fed4ca8daf7553a89d15aea5cffac9288a5027b2b81b5daca24b8413b754da86ef9189f9a65663203ddc8495e03bc265527cf1695e14b67ace13cbe900f6f378b7af0d948b43e1cf75f894c6971a8dfd23cc13eb5073a95ba5f9cfa2fc705fecf48f3399854fc36cd3a9d57f0dcd21dc8f2c8c7aa2c7173fa17bbcabc0f06d3bcefe88ba8cbad1b824427bea3bbdcc6ee88666ad431cc047aababee4cf871aa2c61aada87ca1c71f54f9a5f89221d3a2a7e08f11cef86dd156a25b352dfd70ac7b74da53a953a0daae392630117dad7d844973f4554fb3d46b5c09978d3e4bc6f09f7523fc407e2ee8546d4fc474dc40d027fe2646840c544d63e8b1af032e69f371174c6f09d1308ccf68282cfbd89f9f107ff0212008e9bfbad82e2ff8a74e2e355f0360dc995ac2b66e03129a2f01cdc13b1582722536b87b2ca8604fee85eecb040842d81fa9cacb9ac36dd95d0601b516b2fb27941432ff001e720e042b5a01a8eddfb774055c1d411995d4f5eeb386fa71d37d555afe206f87b1dd12c0437a13c45c70d10001ee37cb91382b7ba7e5f97318989e231f906e7da76eeb45e1789c9e9c3a774d65ef31b174ae6c0ea137c4aec00f4ca9e5776720faa5c7640e7e4897ddf35070bf12effe184f6523876a2d94d7960a9d8a7563871740a7baa6d7b2a39adf332481727d66d30cf65261c3babea35f55e72e6cc04fff000e6cb8643ba7cd369ba9fe134667e22a85ec2ea6d7646ca699f0c6cd0dd97f1185c4c423e21b9dfaee4f0fac4789b37cc3fecaad3f69772fc39c2357d9fd99f5299d1c467e5d939edf67639ae913017e33c4fe8664a07c4f36c3242f0ac0c00602a4e6bfc4f89f695507850e9f99ee9fe0547431fcb0e859c19c82e89550b28d2b040f2c809f34df63f6bed0d7234d867e110531af6b3c2f66369f15d12578648203b65d546bc2667e484bbeda28e2075569d7844734eb3ef08d5775832b238f941f551f7e0e7e20774e2cc37605531df949fd95938239655a32672d3b26b6b8a81ad1b7c4572cb7e6addb540cebb2a6030f891cc6e995349c4386a4745e254749d2783185d7358394468835a0927609ada8d2d244e54fd5799df2e884ee246744631ee6775b2e9f9b33cd3a47e435e7ca7795ebaca10d8055974a7788478d3e477446c007a27d46b73fd3d5789ecc1eeeaed909786787a4314f8ada84f459f37e95a289e5ee53857a4daa08f5844af10598d9c81b733e5f2fdd1aa052b7cde180a5a0ddfa232bc2169a57dc18e45b503585c716bb947c9034c32a7766a8dd4ab6325c5da7c953a770a0dab9b9d9946954f68b853fd3b95753f19ed6cb4bfa0ec9d55e6da201fc408b66a3e99fd38255b9681386c04c73a9d66d4d19fa50a6ca10f7c006152f671585dac86e92ac7d41ed34e6f7c7fca68061b3cb2102f0fa7af35b84c7be939d481c995ff49e28b44da750bf11ce2eab3a9c42350b0368e0b86b2ab9f6767e1c73dda7aa7f387b77731da237b69b0566f9ac41d529fe039dcae9984f14bf87a0ca28f88e20ed01071dd67988381d53fa813d30a7dc0047cf8c831dc7bb3ee3816c9380634f9fbba0f54da4d005427cc4c084580730dfd17e234d8dccb728cb79be17b8e8aead24fee994dad672889a635ff947fc5de467c9d578c22e88ca6399539f5c7c25177343cc788ed13bdaaab9d74724204e08e9c2ea60d38d21c817dc46ea3ca16911c7556622674cae604b7b1446bdfdc0641fedfca16db07a2d1032e797685ae5f8adf0dba171d91142a986f99ed3f650e6f8449f505547527f2971e494581cf6ec4028baad2aaea5bc23e17946c54138dcb44a70c9e87442bbe887531d720af12952f0a96986ac15e3904061cb9bcd9db5577b4bda49d20275879ba4655c7c63b5f3bab5ade7689b9bfdd53a8d6c884c6dc3257f0a9e7b26b9ad020e9b156d3a43c3dc34eca1f5431a3cb4edd5163dcebe2e3040b555a782e7086976b09944d46f82ddff00ecada040731d9a93f7eca9fb38f06ed0d467c5d535b4d8d1589d86614b9ad6b808c6136ad322a3a398bf646a556ff1721c71f6548531e1cb679f0257f89a8e89a85ae0620f609e3d958274b88c21e03458ff00335b9b8a352a3c39a08e598f9421ecf59b51cf699689d1bea8165e1ba39db4f4e039a0ae792dfe95fd3d135ee648e8309cf7b60db11df869f961d7375889cad333aca1d4a216a6173631ca8e47a81aa203b075571a6c8fd3b2b41c6aa40d14876a6534d3c39d98da3a7aa0474cb5c16bdf2a9b997b5e049329d6d3151ce69925de553f647c2d09f2bc6677cf456f34749c4aab4839c187510acb9acc6ae5ff0099518eb930bb2c003b053063aa9260678813a69c001a94e9706dbd77fcac0c7e68224152e3ebd4af169c48d8e8ae155f77d933c463e7f5537e8835957c41fd48d36d99faa2ebcb1c1369b6a17523e60ad2db6370a016dc46ee5580f6291321d3fd93c9f6669674d9a7d17f87f05ac1d9362b35c4892036215e60866c375870999ca15ab92587669ca0defa3be145c2c7066c4ab218d8d9c5538aedbcebd14799deaa1ccb5a4c5cae0647647c37c1888d95a45ee23418846ea6e358e8ed217e396bdcdc1c6253835a7220dcce51dd7256653fd4fb467fe13aa388f6869d0b1d09c1c5fe286c604b989cc74f896c00e61194df6621c6ab4c3732178b6f34c48327e9b20c7d5b0090dba99259e851b1fe2300c123729e293aa179cc685cadb1a2a0fd3a9ec89f1ea51711e58803b21688a7f0f7eeb2b950cfae34e06a586d1fa764ebfcd3a2c69c09fc932db8c61755cd31db86355cccd07c3840ba60a6834c020631e6f54ee875479be684340769845a75df2a7a20e680dfe91a057030f695ed0e7015235ea8481a6a14ec364ee5ff00b2db4d8acb48244aa72416ee3a2d67fb2f0e29b7325efc7dd31e5a61fa15804fa700c3ccc0ebacd8a2eb40f418e03aa33328c1b9bd74537891888e16b8111b1f7e36d7877425423dff002b524f5445b99d7a283d783ae06ed9163eb16b46db203f0cdff1b93a9dce139c214e9d677682ac35deeaee1d6615945b3025d94d792f348e007109a6a318d0d3921aad611cdb9cacbafa7d100c6c2e633da179b0149189d9068880b961a7b68b3241fd211b0f2942c38dfbaf0f25c76e88384f70812048ea83dc2e8c0b4c26b3c2735fe18993aa75d25a710ddd06566bd83cdebeabfe9c35afd3013ea1f12a3b4af3ab7a20eab5dd4d8f175a06651a952932224349c856309a345de7742a34cb98c171e60dfee98ca6e25a3198d8efd979c0330797001fecbc30fb43461ccd24a653aaea9536b1a37f54dbda463e25826140c76473a7df854b6a118d941dbf333ee65120b6dec7445b75d66010b91b738ed28b48e7063aa1915037ae8ba11ba9de5176dbaf2f9b4808b1c759929d51bcb035890855e69d0e31d97210637d94c44e70bd7f644807955ae609d03cec9ed639a40d5c323d51630f97ae817f87f39601e5c80bf00f33b972166a35ceb8f2ce9dd3d85973ce8f9c05857cc469235460ebaf01a67383c0e63fbab9e4b8f53af03f907b09e1eaa0fbd8d3882e6c7a27f4d655c5e02ea1699eaa510dc9d745fc623b4e4277f88782ff00eb6ecbc6a02fa6720b5da2e7f12ef8b394478cca6d6680f98a65d15ff4b4c84ea4da02911990ec35478ed990411b8516f37aab25d774479a40d94c951d3aa814c91d655dd765ce1d1b40429b9b8998260a048df6ff00953d960a92855133d36549b0ec1ba5aaa5ad69bb17b8e7ecbc2151c2a0768fe69ee8bed6168907a93d554902c8837bbf64c2413e16d708854db637f5bea0838f9a01fecef738601a846554221ee801d9886f64ef0e6f0258d608f9a152b53069db06dd654358da4dd45eecff00fb54aa55f2910c9f730d0d080644f6c2b833119832a36f72039ae046deecce7a2c72b81991b2ebdf8c2d0cec89d494d7d4a7734ffe4a77821c193ca0a7d483e1d339e6f293a15ce1f71f2a6c4ce84f5e1e688d4a8736e68e745c5bc8e12d77ae89ad83613be928531fc72f3249e585a6ad0046fdca19bb9630acaf8a44eacd8ae4f14d31bc654521cdb03d3aab2bb03d9db44ea52034e6554751ad00f29329e1bec8df127cc4a20536b6d3185b4a0439a6758dbd5412549d518f9e510e3a0e51c20b833b9f7b45a7b9aa991afb920476f703b63a7170f065c7477e95bc1eab4994eb891507f4a8385123547f1161df7584295374b8e4e3455a195bc5eb38e1cb0204e63444d2bf195e2573353ffc54b5c7d55e5cef91d57e1c91a9254feeb22dedc3c5badfee8546a23125365cef4d5691232164e88889004e7540c1c8d15ee6b5e2300a0da45c29d971ee532ab9f8f317c40f44e634b18dd4cfef28d221ba65e4ce550f1038467b9552a78763310c726beb31ad0dc3770aabff000f66ddfdd72551ae48ccafc4b0d9e56ee0775f88d0404330cba1acd57aa3dbbf10f8123337230f738830bfba18c47e4dc4927bac885853fb2007d108c93b2e5d3423af64dbcfa7403a22ff00ebb110ecc1d365754373d4871bf7c6ca256a25d90cd535eda76b2deb2578ce87868b48eeaa0cf2bfcb3a8e885d487a1d87542d60345ae26c8c4f55e2526735f39d02b5e04c6014d6baa0127241d01ea9cda751b6b747031aa75675775eec7785e1b43852882f9dd32f81458316ec3fe53bf19c2e19b4ea89037401a51cdfc4ebf358610c31ea9de1b1cc67f564a34a796663878d1c9744f7e3a03237128474ca85bcfe75d2358f77cd50fa289207745e1fb22f2e6fa2736f1cdaa003c6028b79bacab79480740131cd75cf76c0689c5c217333ff0096eb73ff00c91cbcc88d54526b42c39a046ea467d1680ae83b2cb6564295e5faad9796e5adac391014dd323459d149c98dd4ec9d4fe11fa8e56808fbaa8c6ba19b9d145163ea9bbcc4484453782e83e73105530f70cefe623d507540c737591aa7bd948015b131a27d467b45922ce7032a8d94c346dde178cf689700d108d2f68a64b63ce5506b0827481b2b5c0870eeb0ad192bfecad2047a280f13adaa7a2ee54c85aa30253bcfe2cfca16029d87074bcb606046aa02cfc3aa611caf2620eddd6873f70b6fd432ae3d653086f98a1cb11f70bef9ea88234129c4f5c852d6f2681036eba09846d3e71eaaa8bb9ad4e2d30e66483a2778462ff84ebf24c6912e0eb5addb5550d56f89061e03f5468b841f36764ea8f636a92fc41c34288fc46897580fee9a1cc8a87ca7aa151d51ac6d31800210e6dd98774f558267d141706800f695151fe1be4001c36ea9d4ff00c439d45865bcba952d6de01f886a8be0367e16ecb33cd909952e043f6dc26da6e71d5801c2060ac0f7472c381c945d892761c332a31eab09cf8e51a9fc88f72e1247a212e8f92b4b4a0e123b9575d70d26172fee9d913d22540a6e9ecb3f45c94c0ee807b3e617353a9eb8522f68eed5c8e0f46de551bf5956b9dcdfb20e754649e88f8938d03029198d4119520f1c2feebc8bf0dc40f5427558cdcae6b44f556921ac3bab5b49afde0eddd06b5dccd1e508b9c0526eae94cc103e1c7996a234868ff955098d2643b7517e4e492374d3e25c1aec168caf34d207ca4e48ee9d9799022c41a5b1649bad8ca8701368d0a8b467033a22d7ba2a0d805e528ea55fb22a14470b6355365a41f8516d373c5e21d1bab434eb02558f16bdbf0dbc08221de662cee8d9f70a089701a94043647650374e37177a6c9b6e4ce13d951e1f3bf7441cb2ec3b74f00e622510710743acaa6f79a6ee5c01fb204f5cc6aa435c048dd7e18fc4b836d255b82e3e5c2fe1030223fba71883fa674554b43ae18e6f2c23e17621e7002873059a4fea57868749eb108d0a6cfc219203bff2154f169fe29d1bfb42a4e975ed1e43b147c413d2148f13c4988d400b91aeb7fa8ab9d2e77f650e16f784dc118cca7304380f89745afd562d59cfa2e8b6087759e1aa88cf5586a77e0874b77d9599b26ed1489953abbd177e1d941fb226dfa0e1e42b3c2289aa0819bb746e2083d573387aac3e5b2b321a5ca6e3ae32bcde88dce71521a08511c3447589524fce17354b9bb1dd44c6f85e1d4245d96e70aca55209c9cca7bfc6738fe976ea4b5ec8d6468bcedfaad6471d16a01577c5d6380eabcb1b225cd05b1894f6db107ea80b73df0a5b485c700974a80074c26b69b2f3eba20e730dda92345e306dcdd4e134b29c346718846a0f37ac4afbcce8a0b8a739acc585a6ddd06d4119ca0746c681728e31ee0ce7a2d6615c3e884370de8afc9bb3acae5d6745499e5734e71aa01a6519595a66712b383d014f26981a018420e5165a73f1a7e7900ce375e15ad971ba40e62538d474b911d3747ba753f0f99d90e2ed1530d64bafd7aa739b4efa8dc26b9b6f88debd1789562e77943533c41bc12e3afa2934ee6367c308bdf71e8237505e416e96e215be092e19f34fd4aa958bdcddddd934075473a76e89df0fe968556fb5938152d3844025db37ba735ce735c346a21d2e7ec4ec135c5e0033dd101e9901ad230ecf996216c8cfd8a2f8e5d095aac95a2d07cf86070d4ac956ad56814810887c9c633bad616bc274ec36e02ed375e771775573a20fea59d6310b5168de3442e75c7b2f21f9a9f2efaa3275471b2cb48e85077edba6f2b4f7577860e754669da7b217437b42219a2b6d9f55e5fa206fca8f32e53eb216913c7fa5602c485e65dd42c6a8b5fabb62b14c18d30896b620a689010977ff006ad236407c275ca2d38ee9ce1c0152e10d71d11ccf4f709dd67846a812a1637561c2b3e150364d71e9cb3953d55b76830847dd773b208cea8e9085b820ea8b9eed3e151914a74eab909954d96ce035a1a9e0bbc3786c411af641add517f213a5ae13f34dc1e5cab64344fc211fb4a81d89ca69a518ddda958f432838b41204069c0563ea5cf210bf9434193d535a334ceb8829ccf09aca8e987c2e5f9ac3e5badaa6d271d5384d92761223d544731d242731f18ee86b1ba9636187404a27e8b432b9a655a1f23b0583f5e224eab5522e5395f759635d8df889dfbecac07075e318199d10d677c2c64f199c7ecbfb05a99fea53728049c649c2e5f595e1d37deeb79a1abf841bf7464e1663d55bf44d7171bbba97089c8684640179df609bcf1273dd35ade98909a1adcfd9074ab5c1602d04ce16887080b32b12b74257aa8895ae572b51cc1250e4c0ee8fd9439c70b5f44db8cfa2958e1bc2877559321642fb2cf080a5daf07d3b5b2e337ee1174f652ad7039d083a20c1688d319583aeaa32275ceaa03be680749a729af6e5348843a2f2edaab08c94e71735a402029d308965461a85a65b53fb2049d3eaa64b67ae5419c7e954dae0d682d2f6cfc49ae822e1b615c1b876b0e45913fd56e11c896991e89c18c81d484d0f7726b84cb77c070ff941ec0483833aa2ca83f15c74d93685a4ce6d7ee10a775d563cedc40e908d13a6a70b544590d77e9395ca5c1c3f529dd06b08989c9e070889b70b7595a2744645b913c3456ce16a67d16a616ff5582b2a08cfb9aacba3d57996aa45d3b11c30cc2f3349e884bb9654cca89f5055ba8fba82e2e1df647975dc2b1bf528dc623a2d48ce8b5232be2ed3ba26d07d55c448d919781fee4d334891a5baa17422ddbf65833e88c029bebc242c6567743082c29fba2b5e185ba1d7b8d14fc489d7a7656dc32a06001a2c2cea784745dd6564c0eb08e64eea7a23cd8f45a7cfafb9307ba683a765d42ce275e0c636986d49e67cc029c243a931dab0ee8b83a9b83624b5c9cdb408d16ca0faa1aa81bee53a7138ee9ed6f95c33957122e9f2ff0074db45bcbcc5a66e4009fc3eda8418618d06f86b745e353b8661af1d55363a7940216a27aa77865c63ba680481a60a9738f9708b5eec44480bc30dbad183b04df697647c4e29ce754351a7ec83dc6ecc9ca906a32e3ff814cbf58056bf34459c87eaa61c0f41945daed9524fd916f860bbf5daa2e07ff8ab6b0b87e90bcd1ffc538f89a8e6503cbdc28b5b075e5523ff00c57ffe5372627a65430caf2afe1af290a0832b42a20fd16678ba49bfe1e9f3e387b96254dee0766f542e0095cd68f92f3485c85dd56be8a5b8fe90b9aa1587c8433cbd5037dcaf6bbd255a5ef27fa51b9ae81ac84d8d3f64c9391f2575b9eeae923a238869400874e8a3aebdb84a85aa9e3a14761ee18d57fdd4b704f550705040968e32023d38e111d569f552dc0dd1c482a1638985cbd159243898b5438646dd118dc2736041dddb2960333890b6328cc48d56009d548c5a7810d993b85cd5aa3ea13ab9c891f442f73837720205a65d2644442b7a28bbeabc577f0e979475288320eb0b70426f886e7fe9d82973b5c4a6d80169d328106d39f92e5adcaef87756bebd968f291b221b394f6d4609db9b54d124c743a225d38df584ce58df2b904cf65e11a459587dd66f2d3e62305063891b8c0421afbc9d48c7c95175271bdde612b58723cce8382a21c3aa7326e8e9a281fb2e523e8a4bbecb56fcc22d73593e8b34da4abac663d616818fefa1441a6c07d1658dcad0fd5797eebca42b8efd968168bc817f0feebf87b7eb4390dbb732872919f5596c3baa32eb48d23508c0a93a688733bd0aec84da14d8d3eab4a60a92263baf285338285bf656a1ff00e942ca9477530b13e8546e8e1611d169eabaf0c38add46eb75cc7e417e958ca8217fdd755b2e524f5947483c6470d17af1d169c73e552d96c69852e91bc956b2917122608dbaa6b5da3778ca898bb01121b2deacc88586864b495cc64212df9ad15b4c38ceb0538b9e18fe9a9460dd1b8108dadd04f754de1d791aeca65ad8746513e56759941b4bca3109b100ef2bbec6657986759526f208c3b65c93cba58ed90719b6679dca6f6d376fba6bcb0d47dc4587429a6a6b77d02b29ec671ab8a175270274c279cb5dd037eaaf7cb9a9b6533301cea8afff00126a5439eab4f9a2ef135dc61340a50f1abe547880f6695717306d01175cd11af52b95d27a2f385936e2415b4afeea384da7e8ba2e6d15b82d534df1d64220bc48d8ab1f518cef72b5efbdad302534d3acd9fd25790a87483d0ad63aad42b60483e65608703d93b9ae2b34c7685cd737e4b96a41ea87337e4b209470d585afdd7f12560ddc230b540687b051044ae87aac47c97fd96cb39531f456b44ae8bcb28feca3f65d544eaa444ac88cf0ecb0bbad4144f55d7aa3038616755d97295acf0d4858009fd960c81c2647d56bc32b04693aae533b1940eaed6355e25eebdc351d15cd74b7f56c86649e9a26dce716b7a277d278f29307879003dd135eab1f8c08d15803c92795c8b7c3738fac26f88d6d30ddfe22ac6e02f328f8972b560024ee8495766feab9db23bac174c4268b9c369b500c86dbd44ab6b7b432d39eebc36bad68d87c4b95f604310359ea9d49a08ce47ea41b6b5ae3893a68bc316db328e6637eea69d4734bb5ee9a2231a9332a24e103704ecf3210eb846c232a01d49c201b532300b9ba8521e1675f55fc413e8b56ff00ca82d210199d34443ce9d972fd949a67d5786f6f2f7d54654b66573b9f1d943cd433aae5a87e8b939becb9886b50b1f7852640421d70e8b0e21bd023ab403a80b95ce9f92e67d40a454223ee8dce307b2c3f44320cff004a9bc7a042d9f42d501f9eab9aa5a46f2b961df242508736740863fdcb03eab44662140d7a15b0ec11833c34f7201128c2ecbb42d0ae88159254eca4615c08faa89fa2dfe7c313f25afb91aaea3865616c9d900ec139c1ac2d6f9a48fd8ac0b647d91e4223a22e23e450243b2af20b1874caf0c34003a2dfdc33a2d04acaedc0ce63eca4eeb2d2ba77599ecbd7a29d0744019c6ebb844fc5f55734133adc55ef260f646d9cead29dca3bc84476c6513009ec24276263fa5602fe1cfc95bb4eed441735197b7ffb15f7b41f45e6cec5794141ad3f7440a84e712625102a41f5461f9ee42c38fce254c03de50e55924e270b9984ce7bac5211b6118fa83aa9e7ff0085d56355e433d95d18597008f5e9c3cc277c6881d823895a81ebbab9a4e53b31e9bae4048dc382d010b201318ca907eea4dd7237cf64035a41f540b983eab0c01c7aa8bf3d02e625105f18d1077897742ae199dd601691f74087925c330a672345cce3f20ae6bf99baa9f17d70ad6ebdd4bcc2e67736c85e5f234ca0e08bb31be16ea72b0e0095a4fa2c074f7592328d8a775a41e1bf0c2d787552b1b0dd42326216bf545429e89c00174e5e4c275c5a2a1389d15ac6b090731994ebe29ce6358523988f88ae8b3f65d72a51e3db65dd4a9e1bad650b8efa2c7cb0b7e8a25d3d255ac19ee8604faae622d5e61ae139b20ac5b11f16ab9644f9a5345bf4089e9f0943063aaf2ccabe31f74d892b2f597b4fc968d691d9647a423d7aa70b26e40d9f7c85fdc947611eaa5f507d140d3b61409faafe1b573526e75cc2b45231ddcbff004c7e4f5fc023d49522919f54669147cc3d56eef9a17b1df35869eabca654c8fba1192aee5c742a4105dd10b9735a9bcd8df0b9723ba851b8eebcbf7e1a0449903b2c533eaa4348f9a9121648850ad056ea31f5586fcd77f5e1d50b4381fd44ad0429f1063e1856cb00f45179f92b49ff00faacb8fd1412ec2d042d141589959715232b28cdd1e9c745b7c9654bb12b03e8b227807da3d0e881cf75e72ad9b94b7042b8cceb108baff5910ad642e93b42d87aad7e616498ec891fbaeaba701389d38660cad78eb85ac2ea06160f0cae628c8ecb215b07d6547f75b60a307d1597e7bacc1e1913ea88ca9ba3e4b50e5376175eebe285838580a202b790af201da57f098ae14db3eab95a4f685ffa651e105e7ba7fa9406394cd61f758057f19c3d4143f10ba100363bb2179fe8a45660f572ff00d437e4541aa5de8548fb271f88b7e2088ba7d02d1cb235eabcab4fb2d56cb1cadecb9cd48fb28ba7e4afe9fd48dc646c4ac10b31f553fdd6df5596ad0add7c5f55bad2579a16184a983f45968b561b85cc3e856eb523e6bd37e190b6fa2c2c858202c86faa9cac6bdf8e4fd90e8a61635e883db33d4aefeab1c34405ad9eeb31f44d74b83b7c292bf0cdd19d11a8c30cdf3bae579ceab427b841846773a808efdd64bbbc0d1605d3d14bee0dea50b3498409c947ee13816797e29593000cacac29305176806cb94e3a21fd97950ff8505ca43dcbf89a6d0a71e889684235df2a4e64754d01c1a3d1197070db656c5bdd745221403f42b56da0e85025b06763a273af81b1ff00b29b9dd23aa8831b9b96a70a44c93e58d16a47646dadb290fc6f95e63eb2b474f6c21f87eaa0d36a2183e41021c7d02f8972cf6e658bfeaa5cd75f3add853ccd27a3939ce127a94e7064da24a838ed2ad1a23c1b8d5602bb7417c97942f2852b55aebd90303e8b202d168bca38e16cb6590168169c37faf0c8f70992b52b53f9507a2e5e83dd8400c0b4614405a2c26f72a271d116fc3d17a98e0049d549940992863540b771be5600432a5443728fa2f501795aa34cac92b53c004083941bb230be7c09928e9f343963034e07d254288082d4af3151c439a4c90112726f8943d50cf01dd61d1950e74a9843272ac9e56f37cd683e88b96a8b8af9f54375e41c3cad5fffc400281001000202020103040301010100000000010011213141516110718191a1b1f020c1d1e1f130ffda0008010000013f2166a37e958f45882be8cb97dcc0c21cfa1711cc598c26650a23c20fac72f4aea5d62719967bb83d09b6a2618689cc4b86651703a89081dc738095186197e9b97f7f43d379c41c4bfe172f33f1e978f4186e73516a0f55cbb89e8e62b3883eba9789ccca4a842aa25ea266713f10f4e212fe255c4a9532951f4f79a842567d2b27a06c9a8399c238cc68f44fa40566ef8f4a89e9bb65e26fb8e79825e61398aa39f4dce20dff00be8d27117d029f4bddefd13b9da621b9c23f686bd0971dcdfa3eab5e919b4bf4bf5ab8311dc313350f4dce632b98c5dce67cc3d3da1e81c7a29cbd0c2ee691df8971746f1062631cfa5d4d25cb48c1858885ca5475ea4f797e8c9183e8aa2c7d1cc23e3f866e50caa733cfad32c09ce265f32939f43053d1a2731845897887752e5b2e0e6386e0c777142e3728c02f0edef069f40c62ce3d4b5165fa2c47d6ff0080c61e8117d0c25d45e7d2fd04f99f98e2f40f44e30cba832fa9732273e8c61a971535322e554e7d023353285ca8b9b4e6338cce6133125c3c6a5e25e2109514af4afb4e6620cda13506e7e627a1411b4f743d39846bd41954712f32fd178ab972e2cccd073160ce65c59c466535e8fa15ea20b94778c63f487ed2aedd273995062e57f1671e857cfa183d47d7f1186bd19cc1e3f80bcaac44cc1889889e992e612e5faaa1e65e26a398512c8388faba4bf473a846e57af12e50bbb8f9f40ccb982d861073ab9be6618f4f6832f7d46e65e9b979972b330c4b9e7d331dc76c7af47108cb835141f4062556f11ae600d6d9732b2ea5e671e97e82ede0ed8c400ac5c2f6f5040ac70e2be7dffa8b405826ff00ec0d6ab0ea364710463e9c465faab373a409a4b2fa30fe00371735e95fc0f685cdbe82aa59750424a4e61eb7e65d9539f5ba8c19a4dfad47c42ea06254be26b3bbec92a1aafe27d0b605913d2daf5212e54c372f188cbf57d2e5cb97eaab81fc19ed2de2a0d990ebfbf8992a3f78946228b99ef17d1d4cdbb55c0552c67fa258da3dbd6a0dd555dca2bf6de3c4ac052c3e914d9898197126bd2bf82e71071173e8bebf85e3d5710cfa7d138f4352fd19b840cb95e9588c06211866612f1e8de66b3065fa5dc52f5f104c189709747a999d7a6c8f49502a0c739bf4aa95629e83eab973486582a0cda5e25fa5fa5fa38f410c5fa1b7a6a5e48c693ca671d29baab833ba12793fcb9b3d2f199cbd565ed465c773ac011a81f78098e47d9cfd23e97e972e7309dcbf5598230b94caf51f4da08461e8210398426de8a9c6627d2692b32f189588e60673e8e3d2e38e59534af448336caf423e84e671e85cfa6518170c3e81313487a3ec7d1d7a28a0fde20e7f91a9a978fe2e3d5160225d32d4d28a3c19665039e12c6551e87a31f4c1354c5bb5f86a0e07df8847efef01815f316d4ccf0904ff00e46bd55e83e978f53d0dfa0950f4554b97dccdc27998972f32e6cf6f45547c4373856a704aa8ee04a839ccd92abd3c432ca22b87de6a712a3bc4af4732b11fbfa0f4398b39f78e4f5d4da707f5399a45cc18fe6bea1184e601c251626a5c10e2002b44b791dc22c2df0b6d9471388fabbf571a991f73f88e678829837b651ac32f09c0453a79971f4d7f27d1897e8bbdc19b9c477ea4312e2fab08b0ccd433b8611dc27b4e65f1eab2353981172aa3c256619462bd311d6204329588c7d1c4726a6e5d4dcc18b332ab10626bd39d7d2390c41f41a8e7d0f4abbadc6202a1ad1aee5c3a58185fc48cba9bf5e08e6d1d45445cfa732c48e273e9e66bd6eb3ff30edbaac4d8e4eafd00bafe28d9e367e2e73364d7f0e654af56e0e3f81133ebc4bc7a989ccf89e496773031cea1f7972ebd2e107f1e8e6a27a2788e338a9a71e9e52fd3683086e2d4d3e865fa5469b330f3194b2a71e8ab9a2625f1fc2e798cbee71bcf55fc1671fdff0035faea40c16b0a34949bf1e97522e433ed2bd5814c7507d2ebd37ca1c45b8d9ec859dfc22b16667221e4fea260a3c9d30ff51cc3f8b09e257a5d92a57adff020c772bd6e6513d0f430ff000c19f4bf287d07b8b64a0a9cb062b329b8fa1a8e4819834c18b19b97edeaac7bc57dccb2618988fa732e5ed17dc44d90d4e7f85c21565eaf2867cfda09934e8a39facda1de260e4085440c6e28b19de3dbc7a9a9cc77fc5253ac388e3db2aed66e25d680d89141da2af6efd2ac983198305caf4a8b60ce983e65e172c6dbe596d882e034789468fa4bdb9515c037a9641b670c55cdde77061e10208873ccfd23230c28c9fc48fa5c1fe0ff0003d4b30ccd12b10c45b9898e3d19c45f419b8a647a1b9752e5cb973cfa55b03bf425590c7f932b3dfd583d372822b60d314d25e7d08144d0593c46b4d4b898bfe5b2b86616c0599c4fcce7f91b833ebc7aafc256ada23953ed08faac3c602d58ee183ad76ba217396ce1f494d0eb00c62d6bccb60966062fd986fa18a506b62fbfda3d42b52993c4016e9314e625b7ab17f73f3287fc5fe2c2308ff1772fd344bf4d97ccb947f0e3d2e5e66686e2a8fa9884be233152f3e6532b1347a1398647a0cd7f738c732fdfe4839e62c72f4dee7398e33e85dfb472ce6148cbf4fcfab884b9700b17078318fe1cce3f82dd4c08ab1b8fa5e3d35171533b798433ff0092b40702a0c47ede409b76f2ce471db346a75cc6b29bee713994ad4aa6b24b7082052a604c6f3042302c3a94e49937716f6837055dd1cf5799143a16ce1352ac4b48f1e87a91f418fa19f47d5a17e98d86df11fe0a01fe02bd399a753e2107d0e3d086a1e9c4d4a8608b2ec846a6e309b9c78970d46e6de8b9cfa0dcab72b6e1c7f0a9af42dc7d45b0dfa575945964579a6e2e47a631978f52e68c4b2012bca30be3e26fd2d5dde1cd81082641961e659a75b4b36bf8f404e053bd5f115abadc29a35f6f458b3a1f593c6a6e2d733a239dfa5e219cc084ea5e4745d7e6602806a0d0ceabef0cb2323c4bd3a26f3378d08978b97994e6fd44e3d08eff008de7d39951710987f8403e4cce50f4e61a94ac7a195c12fb97678972f3e837e835b8e4f4dfa3c477399772e71181c7a35364d4bf4d5a0723885d06b7ae22ea5c5e21b8ee12d23e63f412f12fd2e5ce27139f4c5e1c6a12f1db83d1f4e651685747a3823e9c7a9d69ae0e0ee5f99828b5ba177fd46e1eb78d437704fd2dfbf49cce2291dc0a855cc4762cb398960f106f1ad973f27e254bcfa383b65418f42969fc0fa732acf4bfe47a098ff599a31ba942513925f9816ea66c4332a5fd49331cc135e8abdbd4b705472fa07a0c613f1168996e2e61e61412f662131d4bc7333c4b95ccac4ba66e07137e9b5733995a7cfab55987f8139f405bacd4e712e3e8c005a5076c6ba35c0847d129614a793d2c5158a6b9f5aa02ae349c7a2f80724d1dc33a8dd8a61f557a1ef0d1ff00c930211ad29ba304203f53fb8ec971e6389f76fa7cad1f588eb635350cce7d6ff8d5b3997997eabe803018e68b4ca2710036a36f3035a831170d451ab8c1972fd161ea32e1751c423ea617e84753cfda5e2151058a18b52dff007d351b18cd2a2faee0c5c7af5337735622adaefd2f72e0d55e7bd43631141557c7b938811a814fb7e90cc432d51ae5c3e23e67104bb36294fdfc44001f45c5c18c0a8dea170a52f6f2f53ff7d1aa33cb4d423e973a261bc30c0107c99b33f109ed24b05ee2f48d4cf4bb4451639e21820dcd278905cc1165c18851be9ccaf4e63826e2313d38f41c477eb70672c78214f8ea2b9bcbc0bcfa224e60b573382253502bc4cbd6e54a7739972fb82465cbc4bf389fb71654e3d2a7308ea557a1c265ab744ba8be66cc09aa6e1b8b3286556a2aa533f134c79826bd399ed08c03b95538978a8f03523bae257732c5eea789ccb2c0c996054c6c365c254e62f437fd77115629ebd295b68bcd711338968067e1e6698e8293d788c4c2b763d4994e474a45ab3f0420c26c0723764b43d3c09e2e08338878dc58d44dae58e3d0571313045ccb8116711c4e61ea4ca188a836f8f42e98b985d4e12b3281521826f706e698c57a6bd4fa91257a0465fa14657fefa7bfd23bc7de3398bffb1c18cfe60f47ad5e62325b159e25b79f41cb537ea3771c7b4bc35b6e73e86e6d0840ac5c0b028281b1e3d2bf4996879ee055a19954c3312a69e78f69695e9b99c420aa1b134cbdc0b515700480b7b6e1cc5c018f29a470c152fa7a117894e5e514b8b6a59c51e637770c2625bdfc4ef04db57943d8b749e93a839985dac6608ba967a82e3398ff000bf4b8e0b5e7d0e1d3b8c145c284bccb189f58ebd23d06c9798b1be3d09c7aac8b7353735eaa83ccf7fac4f31f472c7e79f437335d207a0aec3de2cd107ccda69398fa3d4acb4fe1eadb29fed2e339f4e2d81af86305761a2b3ea16cc0a9a336f45cf697e994a8a3bf12dc2a8f5ca5fa3806229ac665cdea6b528b7cca8c1080a97711859b946f52b0acad6a623d9736a95198567da52d1a2a6903102df68fa5d3d1898804b1bed4c12be92a53299aa28a836972acf7e8e4a9a4a256327d0c54ba8788b72e63fd9639a4abda56633dfd1f8f508888bbf51975996cb8312a719817271b97fac61a946fbf3e8aa37bfbfa326412256f977ccdeaa61d097381508a1f4af4c40f5e6660d64905f172acb95cd38dcd331efcc55a5d1a7a7e3d30cc564a6664ff002557f1e4263a65c6725465975897409d9324cf8c9933597e654cbbeb65cfb25667134c9c7e0d4e2c83069bcac84ab7102187a0d45a7d1d4cbd8f458e6d1af6854afa53540782071db9e6546344c971dc7d2bd6efe23266d8668a2665cbc7a5c4a256e8ee37e8306e52f30ab99a6ff80228817352e6e7303137e831712f335ea1e9799b8971f1733d32ab3194ac2062cbf29ca295e9c4de18c00153d47942302e544c3c403dc88c92d6df795fb7881c4423f65dcbcdf9fcfa10ac92d521daf9802940af29a98c7715405c12e2c0745607b433ff0066a9871ad4a69853e65dc1390eb9af10c98d430e4bf1dc4a84add17dca51c7385435e9f1899f15123987de0ef11d45d37abe6f1e3d175e8310a574f3fdd2b10a14d370eafd639fb2407df999c7080e751a7ad660b2002ba951f5ab32cb885972a2da664373185adcce20a31c65c5e95cbbf4b132e3e66895e80a212ee59ed1aee5171d4b83711f43517d35e9b399d88310b3a8d1a4c9b831e88ab87d236b4af11c7a1b9bdf117af825dd9658eaa06e54c188f2baef2f531fe44bba8b8f6f4c0f1341c786a0a63c1938ff0090a14e51dcc31f6b988b712b48c2facd4afa6733096bd57f52c4151b0317fa4e61e95b5375da3b95715aeee8f78535ac88d7b8cb8ce2a2a892a1a09f9c7136dec9495f3309082e865f11e344e177514ddf68af99da1e984eb77fcd57a627ddca1a28b3b62302babab673e59e65cefc9289647d1c105a1d8b11f696edd4b6f6b54a775f438f453e6096634c1731818b841dcd0f45cd22dc72b3489098f463ea2d9e257a5cc93d98ebd08cbf4af43d39c92e8967861401f67a32321f2a99d0007571d50cbf3f3372a6b31acbf07a22a0b5c44485dabd2a1d5fde2ea7182d8be2bfb62d95b72d10f9cc58b7c3e23cafa64ab11349e664e0f0e664e0a96baf7ea32d424868e09898494df33942aa96e6be7cc6e06251650e41bf30c39cf8855f5e250ada652272e7b668fc47719dba83b6d416198058cba3789b25155f4f6bb8070993fa23e5d264c20a512b504a2e2d072a943c31a406d7e89af7ea60ce3fbf4df7fa68fcc24dbadbff00928537bf273185a5b0b8233bc3efccd37b1cfab22a155e1e07bf98964382ddc5f2b459a139fdf129ca6aa57c3bfa591f289c9d2095eef29421a9403fbc429cbec45aa6a6efa512b882d96d12a9867d15589544618612ed9ccaa8d352c39967a24a9504770311f41217139cfa0dc4c7aae73fc7e232ef12c4b5dc0cdb0c288c77bbd4cd98c76e5c7328e1bf32f1373365e6add732d711d2bb730a29ed35708157641ec41e63b2cdc368ee14007d103cfcf728e78969150ac83d454fb033f6e024343f096a6ae07a284160e5abaf314639d0c038c7118def2b4fefd3336c1af99871a9588d77871cc4b0565a81f5350ea202a49d39203018d79f7958b0b928020408627b8735330eef90ac7189529da5d1eb8b08a3919baece651d19dbe2ee58b6518663b887510eccfbd00e6b59621a4b1ca53f32e36fb917f49bab9ba16a6338fc06dfc42d62d8765c4f05dd8a7fac9366db7d0879a3a6a14064f3040de2beb88f2cdda940130be7a98db8a621c957a7fb961c93eb0a69af332d1f3dc631c369ce65e622621dbd07b8b32fa07a1057ccbfe1ed0fe372e5e65c271b97dc5b953533e847d143692f938ea58f5252ea3cc391550a2e8e71cc343cfea1196d4b6542dee2c28615efe61070e662e254a861c7de0e8caa0f172b536c67ef114820d8ee080ca387c4a2aa1c00fe9eb82e03192003d95fdc2961411b7119d9868880791d401bc39a5d415e499e2172ec6a95d9fd30cbcc0a6c5ffcef980da8f0732bc450d8bace837002e5312e1e399fd97882f24d0dd9a4cbede669e94cefa7d670a16fcfd61dc4a9afa263052bb8b96adc074fc4189b673e3b94f55c33886207942a0f276a3ff6f3ef31c438ba0ff89f78a75c02e5fdb9bbd69629fd60fa4f372793cd32eeb91461560ecc1586a397b2d815055a88b54e52d114f98076e99a9bbf4462c6dd4b45e2cda544950870c2a01b9b256661b29f4e251325bc8ebfb95fcb9950a6fd75023166c86e13092ea19750529b8270fa4e90712dac3e19c2baeb995bea157fb886cdf83dca36bc40ee0140ec57112027fe4d65c3d24ff9ff00a594b74f9234ca8cb57471e2245352c5563bf896cf061034e2a57fd9559660aaf984289c97a83557f6ccb974a6b51c2aa3d2a3dda2062fb8f505704390bf24532f2542ab4dcd9056458d05c6a9facbab8b74ce78f32c250c0986cd4cbc6a0881925d3a985b6ce75acd7bc6624b0c2312e737f78b96d85c1ba632f0070e0fcc76dae0552a987eb05e23e23ff51b78fe4cbf30556415e425eeea065c7c4c1ee6e3b3b83636fdc300b68a4e7e372a027cbe0be22c6540e5c666d831f8f12a6a5fb4fb5f1dca630bed3334be4886c714199784d8ec4b48e8c38773b12ba067da5015550be886416eb7b9c40639816cd022f70c6e084a90dc6749b9a994ab60e4231973bea3abebc789ef099ffc9462bdaefed2a6a3ef2bd15322456cf8f502a3c0f4e25c3820c53e66e54d4288e7241a4bfa4a4d38639884e6b147c4f895171399edb8951e6d632b754abdea0a5b15c8e25104d42925d4a556afcca0f26b1c2f899dd952fe8328ad1967a40ae6b5e00be7da5ca2ade5f2799711c55f225536a3a7c3affd8f4ba828b7882306f77cc2c556796f70105b451c4b1405f6257ef24be9e600defde15586da1aebccb483b43be1955580ad2d328cd1d2d3e3f1f33c4d2a7ba3894314f451e658a28bc5b2a119decd510be189a43b4828a7c3fec4c751c6c5bf3e372cc5cef99b77ddca6b2b49ee3b9b3c6019aaed80355f6cec19479f99ee899adcaf0cb4d46f918d4a3f59edf1fdcc43855dbf59838f36153e0566e406a80fa7c4b9b5865391ed3bbfb33589e039c4ba7fb4dafeaaa8323214d11ec2c365c00d234d82626b6ec0051fb510153cfce75148ad633b805761e65e66557162b9da64ced39892fd1714ce6a7a2e66a5584d7a1ce966add45ccbfe0bcc01a4500f4e3d34afe1cfa7e25fa7d52979b5e26c99c7e4a6638fa4f89680314d987c4dfb7a643cc01af0f51b2cb16792582d55dd6217bc8c72c0900345e1869a35a6cbc42fa99ba9cd63e2607ae20a1d30fd6ae5616b01d4c1bd80731cb074e0de00dc431986f4ceca9e7aa83ca19dab33b94725c4e2055d81f1e9bd4abc69696a9799421a3b081c92cc4afa139f218622d76f78f6dccb09b85b7f0f8b12e628b941cffd99495ce55795e2aa63e7d146bacd83d57ef52d982cab016ffd99a2e71aaf726a630d905d70752eb60115ac1c731ce5107837afa4d276c316c17111d1df4f372f2edff27ccb7bc46127e0edf623a198aa246fc467c8f10bf1045da6ab5156ec44b07c094bdd279eb82569c7b6260d6fc4f7cfda528228f01e484a4a97f798ea7d0557efd62292a128ee1a012f36c7f88f50b5a0edc42b71d1e8789cce6517c8d7b8ea19f0ea135a7f8ea1b818a82d0c6d895e978a87d1e2526ddf8f0f35ff00c1c465f7fc6d7f1bbdb4f680bc97cc22fbfb54c30c4a74952bd4e6d5ee85da9816e6a74a84821cd7dae3b47658cabc06679c601a980be441435cd5c546ed803ed702200c2fa9c7d66b31b54d7bcc44a6d64aea2b534acdba6e0c35ca6b3dab75710cac0286bf6ccbdc3139caf823759aaaed4573f985a1a82d3a80b173ca6eb9c4055e71d8e3f330f218971bb6cfe8b893804a342256585abc4e476ba86155f370c0d4f25be7db8f98804fea79b96785550743f5b890bb2aae733e6524c13eee6bf2ce3502ede17ed2f2f42ef8ff00d943a4cbb78bf787df05fb217c4e65c0a31a1799eea7b4b0d65a002cf84f129ae651bf42dbf12c771285d356aba357293964bfd6a5cbc117c6256482a017315db1515cb89ae745abcbfb9e1688e15fa52979f30542e676aa15a0f71f355bcf751d15469377fb89e4d10611153349557a6c4e610efe3b461acf37370811f1e8341abf79ac4ab95321e26b287317b13c411e65d7a59eb52bd0db16b1fc1718b137fc5821ba95984161d195f3e892a2d9a49c9cca5f3f128c34fef52d03acf12c99bbdcafac0711519e01d915a3bcddf1315220d77c8cb932752749a8b585e5dce87a6fb8acf371da8e4a327b7eee59b36de3af473c5ca68105a38c4dfd007f913584be68fde22aaa292fa6cf319a95b0a2dbd42e300b05b94f1446f6fe91ea511a16d714dae6d04cf3ed1c2368342ace3de5b8efaa9b35f370d1bc7873a7f7cca64b16fc2f825b18b5a9d317f894b40aaf84447388802b99c68fdcc1b6cd1bea63b88a9c9cb2a547d978d95fb7d65cc0dc0a29dfe52395f7c4c237f47817f4dfccd020e5954e73007923a25c6429b136ad8385f47ef51ad6abc42bbfd494eb0cea2b25f2a9f2cbe2f8cd46e87260613c01b8edfa4d7b47ea2d160709e660d34f72a3a879d03b9f27882ffd8e3e7da6ca9beb95d7d2e600bbbfac64f218d446d679a8ac94078b57ccb4efe84e7d749cea0e12169946169bee2b684af1158fe60e7ee2578fe00458bf474c6d1713f812ebf85c07d26a6d8eb59f7f5145ca59386ae6b8c2a9b21c23fb82d028bc653255f8945581ab82553187f63059a7d347e614f21a857c301a497827c5f3b95c96ac21ab265b78de88216818b2d111911ca35012e4e4d900a8a88731e21a83b0215fb895eb1a9b78213464a0dd75fe4d96f3fe370bf4359acd63e9d4501d4905f11588cb036d99264535daedf9956846c74f34fd650d194d6121200f0000e8f12f3e459b3ce0d7b46f8695d4d2651c61c17999c3c0715152b7b8b8f079ee33290ad4e3f3319f1588abcdf8ea362345cb859f9ff22b146d58cce7fb814ec933e8723d5cbbd656779fbc0d55e9b76fbc60543f18e25e713dc872ea0b3c9289b5d43535810d82be358808a0369cbc7f512ed52701d5c07bd72c5c259d43dd9c2c7ae3a265a0e7500cda8163ee7315cb4df0557b452229cabb61b9855ccff913de018cbc3c30638d18fee643b3b2e3a1cc07529000a6de6f8884370c143e1e62317b58b9c54a3a84074ea0d353317f695c0efed0031129f077508dfa5408bc4cc479669bcf50e733065c4b273e9cfab9859e0dd1dcb8132b4d076f100fbf43a67038f12f398d5cbb7b9538d443744ad4b7c32a61ec27a394c79af131808ab941ef359c9aefebd428d8c8a8392cea0234270e0f37ef2b3070c87c3fbed2d80d6a8dfc92d5361d710114e850fa44ebac320f64b7b37e44fa45ff00d878cdea2b22256c67bf2873e426a5b5c732ef8e710f297041afee1ae5d93a9865e7b727b47aa7b50e3b8df35a8fc2fb663047f13397f7b8ef6cfac3ff00546aed22d703c41a0756db75bff23ffa0ad00f2f7fe45fe83ab7ba65ce2abae3c6f88ba7bd73d1e6a1040ce928eba731265a3ac5250de05982dab653b1a0ba7b3cf5306574bd2d772fc4acab96765b53b8ab5fa3389632a15c24b21ea60b3da2f58bc566a5482ec17182ef179621bbdf9e250ac92b2331b78eba9b35f587831a22cb49c5e22d95f99cf2dcfa4a96550a6d5396f8f40158ccce2b87be918b1a571705cb61c12cd1dea64abfacc130c5bc1c4dfe5cd746f8f89939d4dcaaff00b0a59882f41d440e8c02c2b253380dfb4a055429415e6e183179b9a6639a8a38f41f8f4d3c2fd9af454a97c439833b264c7da791f48702f99cb03f8821bfa4e47ef1f0430bf04e641f31e491e00fbcca286f5e20a3919a8e54c744bb6e3e016c5b16e954317c4ce0678c730254437e225167b4ad055b94860c957b38650922d118bcd4741d52a7d516baccae6783240d2f2c39fdc4d9bf7433fb51037016c13df25415540d8ff683d88f1aab5e073142b2d75077899aa34a46422973a27b33280293307561b9496aa702b9b808c740dab6ca58c59a2bf4df52f864ee658c391bb70fb46dac9bc46bde2555c6e3ce3f12828ae439ff0022cb2bb89e2ef7331d0ad65bd54553198936f3da63da0e01b9a6ff006a5e90c9971d5456d366860fcca9e476834c346d3fb80c9e8cf50a807532d5b6dd7f90d0dbb9b71edb808132ff0085cadc8c30aeefe75130677400f8fde653cd863c7729f6f8a99e183ba881ef2ada260633f2885b75fdfc457fe4d10573dcd0e5e270e2070c40e21996a68a473be60a8c560c60dfbccf7c7111024b18df89ba14405c248ec7827c4e75b6e30e2be639b2cb6dc28541e4718831b281a85a474eb0a8df336e98ecb898ed981bf30a629b5a2d519c65e23b58d16365f8ee56b65236964591b18acf3112c97b504f1328b28146bcc1648721070c797539cc4403759c9befa7c46ec4b4d327a0a1b085136da8b83c1f495b8fa234ff00c875caf105a6a60ea243789a7119cb706ec22f30285ccd31b7257b4f77ef15d862b506b4fd602658b8657ca5ae07cf8ce0808f83d1f9692246e6df3de0eaf9e552acf1f1f670cf2babfbc650b60d8d363f99a7895bbef0cd9616fae6feb114cd1fbd896a781959f3ef1ec218ace2d20bb8b665f83fd4717f095dbe482359bb4737de6270385b87b821c4d7d20c016152c32fb3d405588ed17afcfb45c00d1b7b9fdc585d17c8d7984e2ada609d311aead347530198bf2b35d40a8e7c69bc3e19c80b491cfc3a82db629e7a11ea4ace3dd73521f81f88c664cdc19e5fa46d6bedf5997bf96d52afbdbbe83b969cd2c96df70c03755b907770006ac3eab5bdcd4dd5fc12d30731b7d3934016438789408793a440cd46398f0ff2658dc5f0f27728d6138f12f25caba831adac04f8ccd039dcc04ebb4694e29f4e8f9f4f99da5a6b88852100b417dbc4b2d851ab1bf1be65cb14acdf518a73ae52f7989aa836359221d0695b9628199ee432f46b52980e876535b8ec0fa96c56495abdb70d0259e21e0f4dae738c788b9e0665ddcf74020971422b092cc3e93402299b7c45e324f9c412b72ef157f11731128e0e48db9944de5dc40c66f614ebb95fca62ede6530067c4cb69650d623a416eea09f35ac7c4a590ee9501341d733635f8871774ddff001034eed5ed89272c0e2f07694a65715cfda0da52629fbb89875602df9dbee7fd2af68100679c3dbb825b36bd4c18d8cd1a51638181ca809ed2a4c050c4ba6b2314afda58765a58bc22b98d380d3aa8df451683edccd6d4800fa4fa1cea2ef425027fcf69c1d10c3b935828c0e085b1fa95115b79415c1a6e641da9808f9ea2a80443d8cc1bd6f89c1c7e655584a5a9835ef2f1aa38e0a79878f011bfa3ccb4bbbfdd05602e793ea415054de1861f06366a51ac32b90dc4d4c32ae773df50e1aaed47479257a270ee6457ed18b433cb9f50507728db9455294a8a063df3b85ba02dadf84566c5d99aaf88c5e6d07d22d63537599c5be6196f96240724392bca744c52a3a80f239ee7ee25f6e620e900a3eac4b4ede52a7a5f0cbb262f24e12baccb250f3f1a1376b53386f36d6188e9e75e25fc0e208d72cab096f4094772b65b585f98d9dc6f895bdca7113ed34e6a6fbf41bd501fdc1f7053cfea8a00d316d84a5ff2286feb11a67d5a30e9f62763102b10176f3e236df3d1ef2f6e23377d0cdccdab9653379eff00a94e0986a60693b594fd6aa57b7461494b5acf32bb2a5a6d8dcab8d2e1634add2739fa45f49f29f79fa1cc33e65dcc3e66be78c3f759b8eb88b3308c1128273789602c36ae13b0b4f111da43c84b4144687c27033e2bef1604280395cf92861e7fe40374ba222bff0020623107239f306d8af584eabadcb850a0252f6b9d37e1bf92510ed5d2cd5d5ce6114558bec6a0745aa725f296d5ede5a44b85770dbb0ea2a9a2459807737482686cff00b3ac82374b9fc7333eba848b45133054c737d79afbcbc379b0bf7ad5cf85e1bf78dcd07ba9271a490af2aa8e7c47e73437cd4458560153f1e7718a371eaedb8f571a14871e2662abd3e128b97963bf10ff00e458da6929752e88e736155af3728153ca97442514174a55f9845a43c0188a720c19eaa16f33e236ac2d1e61e750a78b9959debda3ca7dd32088228580f19e25182b37dce526fcc07165b5bf5ea2c69d76c41c8f3896cc3175ac5cbc7a3038ea642d6afea5aac642ac7e3c475c663d104bbb8fac7ada970fccb6f82ff4f459f1986f52d134b8e0e60dd975e7f886732f9f4512c560d5c08431c7a32f41966433949e92a450e9ebcc03aa9a4fb452b332f2c8e1a0aeff0013bdbf32efcccbcd79ea5702972ce25eea5ea104ed51f5e2644d2d58d905a2eae577539ad7cf8855c4c1739e2cd27e8c5b8b4287a20e578c029f31aaa16b3afbf9f3310a2832c7e663a4940dbf5532c3158003c987f33adc6c5e70ef13855cd17cf862bde0bc9de3f31f8b76df594b96cd6c3af32e4a9c0e58baf0ccb65139b9900fd375d1dc09850dd680e77cc6dbf2a99a0f1782bc42f2cb3834ef11da69107e6cc083e0b7f071a831db2ced5d75e66b7506c1c3dfe312eed68e27fe5a8de6ba979c12eb802f77b0d5ca986867d73a76710ba3b8459339458a54780d167f738085bcab8f8213f8ad3bc3599826464abbe5e60167e9a81c82b45fb39994f9eefc9c771ad7d9553461f7ed88685e3994164754544a5d3dfafea22bb0f3005aa8ae6f8f46bb6cc1783e3d09ce6efafa21cf366878e799af32cddcc2b8948085eda9c13db66ae62f0ba2576b3de2a9f794964b649398afee658a3db52b234b81860d79ccfb35f6d4b9703079033e6c220e0faad7dcf88aa505b4ee9efd156541b00c3dcc3046eb619fbc5fac7ca6e1e8e8725be04fb2117b199ea0d0acb9ab65f881717666cb2e02a9c30a32f17e814b7a0f4b28453e8339e12f0b9339671704667be0025fbaa1ac0015d164162806a9b960c1ec392296d4bb5557b9168e398f45f921c7bd434c360235940eaf3f620a054ef27dea26af4ace3c43f85ae5a74cbaf68da095e4cd43da858aef3939f79594a283dfc310b800a343f53f32a0e7d34240e056284aaef5c463320e9879bd972f3556050fabde65878b13e3e7e25816dc2af02f68cd6714958e44c9cb75de4e1b8600806c72ea0d026341a06f9237b810075fea1d2a0c817e6b2946bb36f0a56bb85d04952d3956098370ea5ebef2a4126293961466472285d2d413072a35387510e505bdd5f3e3fecaa2188b6b57dddf5ccaf00d8a8158b4883e188457453d9fc4b885c8a83f5e63100b88fd166bb8b1d95c687942bd01371b5b5a8bbf037972f9ea54cecb191ff2eee0efc26563fb8e3505fb731ab8371798a198660250be2396b99918d4fdb9a7e11a79e6abbbaee55ffc97e2e5cfcf7000cdbd724a60bc6d9c13530bce1c2cab6de49906b9c45ad5738c8d6e34a9430af1983e907f0892a21f8c4bce903cfccb132f632a0a6cbfbfde6b506694494b12d6cc057ccb93a627d47de698fa44a2c69c98d917a5aae63864cf0c7c32d2ddc2add5fbcf281304acbb3e653a80f1dcb91ff917cdb7cfdbd383860ee0eb9945a851f5651b3d1e3d91529f4ae12df996cb4cccfa48385c339cbe8719769a8a1cbaee111d506feb1b6df66638980a292c7477998a58e27443228a4c5b79a80d38bff27f92b5eeaea56cd868297b9830862e9e626101846de1965d4161fe9804c1ec977e61cb51473cf9cc53e252b5bf7c47588c0abba5d3ae651aecb781e1dcca737434741f4c8c179b70065e408086bda3b0d7f53000c06fa1edc7b402c0128d1dd2e62cc7c440f03cf1506153f1db1970531744573507d552946a82d50cdd3ef8e6e0c0901c286d1e600b309d8743e30c138b2c1d3dc27a450c2ef0cb94c665a0600db06ffc88604015a5dde6ff006e15b83a69bee98a8a63651bd5b5f5979c00a34e4697fe4053990853de3202531873bdff00739edaeac7672f3364a2aef7bbd1fdd4b09b08cb8afa4ad2f0c0ece6622b6a717f68bbe26e6a6f9993d46aaf3ff989f32efb27574e22556a523e6541bb2ab3da730458a3d9e9a9686169dcc8414a443b026f821c733af0105be04b73d01a898b14efa484d155d6d68993b74aabf5ff00908b42c6de1d9f66732f9195799594333d8ac075b8c024c96a7dfbff0027263563abe6a36438f0c7174285646a665e4d95f6976d96aadea5875f5946e21160f311be65732a5aeb98d8f9ab803529d6a535fd4cf52c8af0f42cc9881999ea894d20b21d724c5546fa950c1a9b417528952e1a872ecef729e258d2a5e1be75c4e862c8d20fa18503ed291a9d42e6ca9f01db33565745540532b6d9aa794cde50b385a3c215316d993a9c11b2becdb04d11bc7fac3d0702f74c007f357a4fee03ed69f4c4d0edd5bc7b236b655757a7c63a9dcc6997bf984c27450791b3152a5586da7b45562681755c21daa9844f0e089675d26cf9ff0061138a5ddbbee0a8ae12de5e09c57f25cbc0d6a02805a5815cf68d23cef76ae179842206da693639f994b4395c69e1bdae7209035c1784d4641ba0c9aba829a5bd58019830a1a9778b5e33aee20502ea5eacfda8a501976b8fa751d3c25541e657412ab0ea2cf4b7a9ba25ff0019d591f0754cec2f8f3bb97d61eba8b896ee1dd80e6bccbde995c98edd19a865b23489c7daf31de00ab372fd915a66fe771ce75e2640ef52aa5539f6aeb982d3cb994a15376dcc615b65bfea7fe4404db4dd7d7883916ae2b23a9bf7f68ed399c4dfb4663378f6a9e67b9786e76c5633c6d0d476160e7af78d5653794df33e72bcc0735ef00c43b2d007018f67fc95559abe0730b57a15d0f92fb8e610eebd6bf4800b45b0242e3e3cb1015b5345ee0f26987ebe9353592f71515373e9abf69d375cdb59c9119165a309ab671b95b57ee22b5f6962ee5e7aeefed0a395f21d45aa8670c636c4d01be7c1cd44eb9f44f32cb9627a362e5532fa3d46c4af58cc4bc7d27b1700e2557573740cbeee429b821b4d9bcadffbdcb7cc459f25472f1c5cb46fd12176765be6256751d5306446561985174948aca5e2b50a3cfe8ba77095745d214bb40deff50d62a8fa880d8d597e04129998a633bbe6b49a65d718531b6a027da6208f113cd93620e361dba4e9b6550fc8910956521ba65d2c14170b8257abec0f9958631947196dd4a8c2b03659fec7bef67a77efef005f4b663d92ba985e5f973c4a44b0b6b38cf3ef32f12003941efdbfa98f14b568dd1e61b42b96dfc67f73170f0190039f8f783a189993d7ccc3a37e88f88f386b3150223c382f841fb1dc4ce2ef67e21c05191d993e937d049cd1d7c546645818070bdd90e034a5c5badf11e8561b93ff005a993f7446a30abd6733a44a8d077cdbdcbdb39addf8af0759e26681f85ec38971089c88901b3303b16bac4c15821abdfb4ce03af5388c20d5531d7a565c665b623939ea2b6557de739203a2f97c430758891dd08a16d56a6568bce7f30c39df997ace92aa16426ca69159f9f6968003470f34c3c04a15b7ee7e21852cd193567d26212c9c30aec65ed818a5b2c538e6535b2a483c99542abfb8f99d3029a2f4acb89798737f61f2ff009300ed86401d347fc80cde4a6ac042cc5c443a3dceaa662bde4ea5f1bd6e755dae150b30289e7b83a0c3f38cfeb53097e5e86e88c58459b8a8d01ce77bb67fea038d4f32ff003365e3752e2f89950066fccab68cc1ad37338173502dbf13155e75c97e54a44a6182399e03aafee7138cbc0302ce236a9c54c81f404e6578884318999bc4a6e221c1c97154a207572c0a1aef88607e80947c0575f231431aa629ec466554bfc29c40dc588567c4b11d81dbff00663813eec6724a95c4de42a36e4f4ddff6670d9d199bba8142fc8255695be039f089d33056ef17f48bcf4d9ee694c2433b8a3126aeae2cabcb8a6f069879569dbe239f102847ce70f5fdcb265ac0b96d152cc6e050dfc401a9668d7b8f7995f793347c36cc4f8dd7d0dfd7eb88a141802a03ddcca69daabe20ff007a96834373adf8bac7b4be2ed807bbb8db8ea5151e382f9f696815a0581da5459c9784781d8c13b2dda82ce158b62c17847df49717d06b79c7172e369659386f38858658929edb4a8ea04e7baf0aa08032570deb5edd0cb0ade27496bde38e255977ccbe438a94b8fc87ba5d6e7da67ff2018a4f05d73137d86f7be650c5bc0cf9fbc6ecdd43b15e3d168ddf3d41959b9f99978a8f973364e66176d54ad450c2358579c6adabae25f338896b3954b4053aa98cddff00d8ebbee2b731016ff43ccc385b77e662a9453308e2fc276e8e71f4f3295e805ddf895f20d8fd542f9e43a518c46bb82793cdf11c0fa45e223400a0f19df32c6d16ff0087b8c89ebf47fbd7de20ce4bb14dc5d1d173ec3e332ee27953ab71ed2884bd99665b8bb9f595a3dc8be8b40b5f446d459c84f9866fc773f131d300007d22903a44988d91c119f7df4f8865f69e1cfde5129c54b732aa5fa6e5d4dea149ccba0e7a9912be928d044db7bf4713e257a1805d3f12c620586fe04786c0f7a6552e96056cf1715babf353006a155b8ba67e262383c3cf98531d51e5df1319047534cc1c021f1d4c0417a7b78f30d45abb0e5f765ad42385dccc4d1340b3c5dc28065c8cda58cdcf77dc19b08afe8399ba104632b72fed4150742a8a6ffda80521683f05771616fe19438237f31662fdbf799fa71bbd62e61c5c00987b42a3131e1f7bd4ccfb6ef64ac7f90aca81f887fd750b9a3655eb7ae63c225c27e8bf9444f90a00f0e79330d2be6943dbe21d83da68e33fba8f09fd05b83012aaa943c9fbc4ac5b4baaaf01e1820a42c30e6fb639bc851073c6e227df5a55e2b3b7fa8664c289e41c62a6f8bb845bc6ff00f253744002e3838bfb4560832f0f92582a94e3393cc4194b1c3b37378e60362baadd2a1760896d27d9ef346343f58cd20a81985a8d0dcf71bac42df66457b4e667e67711a1a32f8f32ff004e62177c63a6f9401a20f38f199ad8951ba3e9b9df883c9dd888e00e6edb99834cfa6c8b7e23a1b83217f6e63a0db7af5f0495ed059becf1986abf40737380369797ed88556932354b3a974d9cf0e3f7729b3aaa0d93b86dfb5f68ccfcfeb7ee23c5d60471d415d81dc6b6958217895016ac37632234fe22ac6d0333352fb05e2872dfcc55892a80a38bf3a886851744bb8577f49efa77bd751c556ab572dc2d6bc3472caaa37c27edc25fe9105537f107c4be3e6657999e6e5cbf4cd571d4a19ba3c5ddce673fc7339036a8e26c06d50562dc0bfee52d81ca7728d4d506bfc33009e68949e608977bb8843d51faf7cce1a56d7bb2b0aaa73bbfc4c66ffa218983cf11066cb060b983c26d2c965397219607a2d765f78940d84be05f7d236b43aaf344278966ea3c905c0533833757b7733b8b2beff96e0008e045e5353152ad1817af94aeeba51a774b881ad80d2cb72dff0053aa2047bc1fba96100348fd60d15544570336fa2e028bff00331a8194857b9eec85cd569c958ae7f753b63003378e3c4736cbb51be91c64872ee8b26f9acb11d30d9d96e8aed7b97545ab6f1e33f8883aaa24aedfb7e61daa72cead095a6c812e02a98bf3b6e5c6b969c6f40e1bbf88089d58ab3931ccbd09c31347b3be63dad4d2aecd7169331a1cd6f7f89668cd60b8c2375b47de59aad0446bbbfaccaa103256f92378f0367b8c5559bf42ac10ca5940b76a899655b707f52f32e010ecaa9b979d5fbcdfb7b4e22aad8f8a9f13bb677c8901742231e4fba5d5e0f7d54f994b9ad78d472c2a79c4a017b55970cf157420e665953435e0caca7426b97b4f98a4d986217c4613badb7f63d33110d1b0d5bdf29d2da0fb3e3fe4a0292c1a12bfa84d399829b3fc961d6cee1bb45fbc50d9d8e6218ce20ec98017aa9bb6ebcdea37ec2552efbb8a871ed79438961746c3fbf3324c28cf6ca684de7de5aedac044deabee7716e546ac3856f75e250f323453ddfbce2821c0f18fa3899e7d3f7da251921ae7dd37c4779f5ba6ef3312f72e5c1f12f0519fccbfe02d999739b89b68a5193c45a1a4a04cd067da040507607d131fe2e09186cbb0f576fcf98b98f09dfc6ae74aceedf505a5f7ff0031e4d36cb60034dac27c128a4a303a7b9e618fb6842bd9e105fe2258b6b4de7fe4400f3491e25058cc764fa444152cb60f69a15992a072ae1c4ba5a917de39bf3f5dc542a3570b14d549ae58b821cece62406ca1f0242e65b4c09ccffc9a6b737f739b8102965d20cae65b0d3981533e3e8cfa4cd71af26705cd2e3bbf0a219f4672e956af7744ccae356c773254a02d82c68fccb6916caeb356b8cee2710cbb83ba6e0f25868e47bb065ba030bea7bc192196215aab738de2110f2660f95fbd4b72236a785783cc4b0d747474ea2ddbeb9a5c0039c788afbfcfbc4c52ca6cc7bacaca2cb7aafb4698801c2cc3e298ca6baf32bb7e056f3e2a1d02e0b6df4874f96789b7043da0cfd71305d5d1ca4bc1e255c297a3b0b95e68b630f1d4c21e67f44a4d793b94e32cb2b7922a17c8cb8bee533d5b1c875f1b946b77a1ee856a2622f75dcc06534b162bfefc4bace3c01b4adf5529dfac9f1f33304e5b8bfdfb4aa4556dee23ca1018bbe80be894e6ed01772ccd9b05d515a96d54e4cde5afdb941b2651a79c4765a2347da0d69301bbddade4a94b3428537e78f63b8d50395b451284c62b1e1dca3b133a2ef71582f9d6c20582d57fe92cd35e104385d1794e252b2fc57731eedc28b9b9e12fb8162e8a04e71281585d6caea8f3166f308b2c0d2b7df12de85b83accdcbb2c3866e73312de25cb85ee67d35bcff007325a3e3a99f455decd98481762ddb7ea5ce5e828ba4445cd56f35eaa040294807fb7c449546b243a6e229226cb00ce25d34d9e7fd99b3512bedcfc40bd7ab2bfe4b5e540ddeccb539502333cb6c72aa48d5eed39e74cdc20afd93b990737fe9f18c4a220d94d7f92c01b621b79f1329ed5880f932c2ed5ce137e36ccab62d210f35500d92751e2e09b6ff0079e73b8a985789f31080d9a76fdffb37df123e5ffb0ccfe6fa1376a7bca0b2b41ec67c414aad8ee7b57798725464497475006d5e7faa7e12c03b8fcebf71ff00638e16a82363c665ab1aa20379eeabeb2a1bc1403a2a342ca66981aaf0779dca439593a6d0c1ba86b7f368f17bf7271eebdf3acf12e6e103156dd9884c656aec6c78948b03b6bd18d7f84742d08396f861697e49774e332ae0f61e6d07bd4267045f279941e6f4031a388a0b73733cd7b4b94f0c4e2fc6fd3db511c79f799be3970798ef9b632111c4ba2a4789c79e60a1763c20fa9b0362f0af31a48326b35d9f78022ba3959dfc750057803fa7e2570b58a6fc4a128af2ff00d88061805bf10a5714bc9b262db67024335329fcc6ae78732f666fa8821d391aefac314df781fd3e671c2aeb34787bf89c43c68bbe5971a806eb0d54ce975d025deded88b0b63747944389b95c0d7f899927b34d744f8800b60b58d386e037895b351e982dd6278207c62ba8369bddebc545b861aefcfc5c1fafc1c9fbfd47e6100564e596016e9e65f69b05244dc2a5fabe65d1c4f0251d4a7072ddc21859793572ba67de0a00ac2b52b72bc7ab5cb2faf5a8b27e4172988b769ecad47466bb5193dee005c59d421a9357baf105d189b6d1b25ed19b86d5d58c676e06f1e20cbede6f8cba877d9e7fa670a5743adea0088825e3799c338847ddc4ada43a8db156ef55547c4534f2c2fba1604e85a66a19c857ef894a0cae32128b80ca6d4c16798b7f48aa16d6a93bdcba008d4b56ca412eef4426b8fa9106bad11d380eb1f1071a2c0e1f1f33e6f40b7112680558f6d227c6390575d5fbcc0410a261d084883bf570f663d70e38a31f37d459a8562b2b8ae05a866d2cc1f0be50b6e3636d076c3db73697a5b466e348f8d5407d3f7b962265a334c07eaa5c4fd59bf1d93bc379dc5c09a2040056635975f499bb0aeb98e2673dafed1ad3e5ca24ccd5152fb715c5370d377e23578c84e7fd975fe4e712a55da7a590037a00962829ea7b7e2e62fc7b40c083502c795364b968535664e0671647045e3eecbc302dc89c657cca2a3a872ba4f79966d8d5857567762ca26dd6cb10512ef9261429855de8fbc6336587d825b83939adbdf18fea16bd2364ef73101740c4561ef1700ed63c359cf8899dfc5c563352cb34a15b7ee3fec2da765abc6b3f583606365931450e818cc65ef19128bb581ee62a76e21ef3a8a3183894e7cea095d45cd7f642a2aad07fd86c18e5260d6461b4fda5c661820d97ff0025a78d04ce154c2cfaff0092c6e0da169407e5159b7badc6621c7d751a069ae9b3eb32712aacba941cdca7b9ccac4174e26ca6c4e21b01bc2502d831cb12cdb7efc4a4b967259cf1152455b02dd7a5cc50176739725c3637ff00b1ac8b9d6a755c0d7110949a76a95ca5fb40a71d832669c2e9cb200b161bbc298a46bcb95e3995bc52d2c18efe6235c02a838d6fde289a28405de73146462107da68e8053da63b69eeb48d45cdb924a14a9e13801b6a0c06edec7e6726e744a557c1b2166875dcc69c02a0759e255386c9abf1ca36053929c41bac3b98951581673012f05c43995372f8b8b3805aaa382b0c5cc3d037451581f68006560f3348df500dc50693af89680c62e7e8c4ce5bb636c3db3a827d1417515378fc4aa87b0076706ea0202a20a1780738dffd82d82572b7e7a881d4e07e4a7f4c0987ff00529838cc1062b5d1cc2374e0d0c01a81a2617a29b18f6ced6a7995cbd11baf0ccd2f7af888b4cf0c21db1235e33cfb4b2b14789f4f880b68e8bcb5e94754e11c7e253a9e002bde649b6d9b6d959cce59e3339a3cc023d0b2eaa5f02eb68f98cbc0d59f6772e43ec96ebcfbca2b87041f3065d158b5542de56624a0c0ab7fb16f43e12ea19164b810edce2396d832eb17cfc4762644d96559f494505639455b7c71135567438f3f1294e3a829767f52946e281f2d957d7333e5d297b1ee78f310ec8b4709b4921613b27f772ce4b91e78bace711076f1adbd782961a98b279afebfc976864c0a31abd7fd89022f2d7f3110ba97576bf1c1027b8b1e7d797b46ea9ab1d4c43c4d15f8983741934af12a956407bc074cb28c33777d1ccb8631641700cb7025ba27b621323d01cd961a81aaba820c55f054abcffe4a6aae1ed533ba96346eace21e4f47d62a455b6f6f43292d53b0b91ed368b5b156c3c3c094d59c9a3f310b16719e653a1c86e3550cfb331d1f195c56a0a0cdd5545642c4b2e61756978edef1cb59f3c4df5f2fec2f997feb903ce213b11d7d042d0e7a412a7ac4c1ea2bb022a14ee81b81f4e034e20f185fee3e6e89747c25960674cb008096972e0dc5715d4b2d7c222a5a9b3dbc4683a86dc2211759da05d501df9e2331341fa988e520602aab16336fbea2aea50268cf27e3332a32748bf6e22c833279fdf4424c331b79adf598c42ae1a536fb798d52dbc8caf4eb8f118881451a1e6be2fe9059638e74bca67fa6eeabe788d89064ba651eb442974646be601cc0e59a5f88e4550706ea6d0c7588b351dc69ee44d36a5aac4b2cbf78363826653dd8af2d92f9ba3b9f3886ff00d98eafe7d3fd9d800728e022e982dad922a6976296ea514de41b61002aa570c43b37b07168ea012dc057e13a8122a815f7ff008444b8e9a6df3d901374aaf078801de0fcabf30285071f1e6646c472864b7aff00b17fae0f52aebde0086e45bf0f25cba0cb82f2d58f99400cb835036afc4a2b0a65a0cafacb53242d335d79e3da0ad149117bbbbd15f5836715c57e6307da5c7292dcb9563896e5374db9d2f347c4c5e6645e589899c01cf43f0984d70c9a56ae2d4024a6abc418418d07dc709f1d9981d44d900bb7dd9c9d5f42afde5b7ccb5da8b5d63a4c7915ce31283de3d91c83899fddc62a71b2b7e3c4d91ff1755352c7e62e79c4f9954e495333cae2638d7e7d2bd7e820e5e75fbb97141ea85bf2454a784e504bb93a5155ef1b24caa1a8540ce405bf7897c602b73300071aea03d89b37ef1169ece30f312c339be259311daa299b0f0e55aac4a18fccc50078fbb2f46546f87daa62e0f391a8ebbb0672e25d03fd8f98028071986f12dcf894d938ac1f98c176e4a59005e8f18c4be9d4e970c7cab216d918beb0f099c1cc6db8caea17b4af32e8c90fb5f037aa8587565553f0cc14618e979b3278d914d0bba267679a8c06167da1dc114b904566bd9e09424c8e72e2eff1361d816a1f88a59761c2f1ed1e461828977fcd47a4a809ada6bff218b2aa75fbef00c13d10e8898bed8663ee41c95ff66a4d81dcb239af103bf33453f1150cd941c9ff0092dab818ff00665194336f306985ca6e67289d9c4e18b708ce4c12abcaf9b83b5aa6e8d4b6b06cbdfd2542d244a1bedccaac97d9a228f434ad13704525f93cf502716485e78b129543638563b95e83907147e7379940232ae735bbf684ea66bca38fa31a81ac5855ee1f89bf8e3ef5feca82ae955d7cf8940e2fe07ca6d9721078a8fac4d22c31585e7f11c496ccb8dfe63e5ca9d1f274e20e2caaca079f2b812562dc1dbc75b8e473804740af79640aecfe8f699a01605ce6b960aeea1193950ca679a6fcfc4d86a81ac6395ea19b4956536dc51620f1a7df729650215a772fb86316b4a8ab868afc4d3bc1cee6badca59c06429e27702d188d7c070648475e2afabb206ce86d9872f198958a776567de25b833c3a8817ef37fe4c0bacf3e20280b57015b8a0395665b6fae3a8e8a2c5507d2687da50661c218fbfd25639074e63ccb0716403736b80595f33e93f32af89552a6183ec6f53e33ea1375f87ccc87cc8b5bbf1889482e88b62a0e4a164a36a350e0a5e8e07770eeb771cfbc0ccb39ed0a637779503774263de14b5973444009cccd52d392784fd2640bf39ff21e1fb9fd6546c334dfba5bc2f2fc92dcab5aad91a62f2411a36e9327c46b9f312e28a893a351d2fd532a532b2d471899669818df34cb5b885b022cbd7b4c01ee630336f0bbec2b518f1d50d83a7c733214fbb35dc2e8a65633705b89b556b2e79891aa85123f30917c1c443c9a6a652631d65b886c7762a4d35c54abc1836a763f11a985b563db984940a0abdc27528f3912cbc72f752a928bb15014d45e4095ddcac29462f5704f9361bd44aa22442f50dadffd828ad1cc01e0f31068a839d45c30940f021e23eb68f8389400fd43a97c0ce87ddf30cbf732f229c9c928e031a58182adde4cd540dc04b6f7338a1b3271ce66e74e467317556d31a72fb4e3ac03de3fad4bff009e419f973ef098702ac9e2e6e025a7273353438b83af69c1607a472a30f3f12bf9b34c781604015a313cfbc37941acd97df4c7d75b83bc8f551a10c08987b03cee01ce5ca164d59f781adc0195bbff009294760b0fe3f300b7468d333eefbc1188c56aef3b7a97b5aec2fb67107f65cb2e2b90e751c0024d9e6b779e25bc751b0cb96fc4e9e737a1cf7f696ae8811f98bd7a378d3442eb2db49f6d41b93f06fe26f2909a7d2cbe65620438d423a1da1b22c63c435459ed39025f89516ec62f5e603c8a5c45d0526cb87036e6cad45ad1f980662791cc1683ed0cd9863f59e63660668d2d0a8b845ba815d57285258f3db154454b1f89996cf2945ebbce571614f8097ba8d4285965e2e20d09f5998c08a36f06a10f2c52a460e9570605d7fb15b2e971fd712b745d1c9bf6997d460dd8d4ed669b267b2dc38b9dd2d6b2332b97a344c20ac701fe4020fc2aa65cf3b145c416addd29f32a9a6f27b3ccaa9584036c1e656c003ddd5ca06fd172d1c955370068cf3ef1b961852941f298264bc794ec5c2c66a544e063445c1b8ba6617a573070d5beeaae6c57b25bae05ca1813ec53ed2de4a8d707fecd8872be6ff92ee8f5e01d32c35097327d87bdcb36c81b5b74b2a14eef1fa2b0f30cb06f01d71f98b7255100b735f5845625d9f07cc0d2db56c2b967f7da2c05719cfb4e1d68a154d064e895a0dc4dbdc5050eaddb114aaf307c682a5ad6d44ae8973b840b7cf88b06c2ded2abdff24cd430c27400186da9ccb85cc5ab7cbb8581868a4114c1ac42f70be8c6a521163abdb01609a365e3cdc14c4ec9fde6201e4ce1d4a80615ecf91e20a2b961bd4bc344b165eebccb2bc9b01f6f8c4b36a05b470bd6d80caf8b72be6fae3e90e0dd1576d0711e8d9388b20b6061aebb8ec5c6dd3550a30f52c3bbe799cc406562b3b8f2d6ba9e1798505cb34ca3cf208bd703b3dfcfb432cf8b151d31e637303700be63824c25c17e0db28281acc9d2628ac2fbaeab8978b2c60357f4f798bc3647c688183b8017dddc7840286ef9e7138622d7b98fa41017a21c3ef0084ec433fbd4a6e542cdbbae3a9bc9fc4a5bf0885374744c934d00c0ca4eb9e0cd4670ccfd62f6abeee596fe011556352d5f96ea1a4a7b43a11dcddac128b515b38539a8b5147572f11e5866632ec053dd2be8f11bd2e8f7cc42e3fd8d5f1011a070660b3f05a0976c1b0f680d8f723ed1259e22c31928f91bab1ed32b8b0070407926b60c4a6c11b28af398e6a551c5a3e62764d1c0cde68301af797997e1503a097fa6565b8a8be22a3bef20e2cb68c98067c0d328063320e798fe40f96499c19e9727985ce5b3be60a8934f0710fb071e8d1aa733aa9a6ef994603052838712b9027b660e20de9994072dcc8c6cd11728e4a2eae0202e82d731bba80d9301065b398f6051c3337886283126e454213e21c973e885962e1584d9337b8ab94ce5efb948638e5f765971df28216ac6be63634d1a7884cdfccd5186199156f896e0c9ef03964fb20ec96ff054ab8514adaa0950c1db528b0d76ab097280ab15c287b07b71284b0d0b0e26416e6e899ea5d195b6545787c76971096f06e6c277178f12c0168dfe62535b0ff1ed99d9a2af059d11adb385da5dfbc45b42ac724b19460ad6be732cff002f27b782ff0053db8f6d7bca01bfd888543924cfeb1865ca653c65f69b417c9e3ca4bf252f615c5f512e0a26efe8951a5d5a01be78f68cf4500b256e0859862354d3385dd72f961d39566c1ddc088b095fa7372fd8aa2ecdff00e45ab9f2cbdfb4d429ecebfe42efd5f5fd8112ac7f26addc0826de42f14907f00e2eba6053b914e3cc004da6817707926eff00a961f5644885a568b65b5b43e8879b6f88331f31dc017bee23ec889a656526183b5aca545f62ba9629f628e0f27b4a036b8dcf3ad54a236cca09f440de48387f737efdc301fea6436257066514365d1d259c6ce0276ab945415e4566fee8ad678b29bf17b964636ed33ad1fc92f84c818fb4e4d7a7be21b0a59857b665632c2f74ff00252d4d6c2ff486a62b79b446c56b95e20af171d22578897e90561657ed3ed33b4932cd3da712b466096f03f14a60193aebde1b0f970c5e63bd625daa3ec269aab8b5da9d45b8354cc781c472408ba9e739c5389996c0eee6015aea215e471329e0e6b5302b5eeb11d0db9b0d46a77a6c7dfc42dbdc5b5cbe428fba5c21cab5895c5d761498b6866da65fc5185e532a5e12ea014ba2e8bd3321b1d364772db4f2cada85c435bada6175f101bb6bc92ebbe38844f83d4c475dc4caa16174753ca07083163aa170c23089036a82dad057db3989850d40853814ece625f1a29710db78eae583a14dbb63606587bf68f934c2dc327ea39f31a601377b3da10e3877f137566596af9c63895c04a8826bdd572c51b9a6bb63f798e52a4528af9efde60e305005df1b9b91e0c8c6319bf1015072275358f69539c5645796501a01390e8f7c4cfc4105e5bbff0093041d8d633c86e5da58d3b39b0e2212cbe0cf30d6f7818bf7b985fd2b9a6ea33aa16eb5c0f6d56a55015337848dbfbb149d7d62d45fcd5079601c827283a1626ae96886baaafccab2765738f78d9505a82b996e4be4e7ccaf061dbc9320722566debfecbd9cdbee6ceb7cbbb88ff7107e5ea9c1ebccd1544fb7994ecbddee5ce8caf32c31e069361b9619fea166ddabb46dc9f32cb747ed34e471732c83de0941d20f88854f93f1072bcc4ce9f0b876ff0030eaa780a893565dea5f515ed14be636c63b8e4c3418298a4ae1aa4fc4a5860f4bf7711b3a39628fd1ac6017bafbc19b4363ced4cd58c8addb166160d888fce2538f799f9a069da313a5912f4d4752fef10cc053b424a53b0fb4a8851d1db108d5b254152866ed98aa911ce3134947b2b33a343d30168e92665ada0822f0be9c44486928a1343e72ca175c7c26d1c0e196be0ce65734dc6a76977074d5c7860d2aff00aa575db1cc415c972b872a56991868e019738bc4d744b55bb738ea00d0cb6c5333e88d236beae226b8aa5bda5b5a1b2e3c333de305d92c00e14d182a2d53101b2be773096c7ccb21406855d7cc678ba192dfefe2116b80da523ffb2b6d52b0b4d8560b8d84647d2344577051362609061197c39fa4b0b381df6ce98a180218e84a0162aa92bc2a20b2aea2acf47358941180501833b499748a6394ae5a9c2ec6f0e6b8c544738f2b9f25b78ac105041b1f1cf8f3dcbe1be914dbf5897144569a9b35ce915edef002fb8ece35c1f11a28562acf9af98de09300e31cd73314af552bee68ef807dc8d285000d9c51e20aaa3e579a874157c0359f694695866cfd6e59c9aae1afb7bc035dd58a2e5de102f2665b8f0ff900a92d54266ded01af352bb04d849e57e591afdc4134435f27529c5f61bfa425597c5a2180b342ef5dfb13b4ae2388a5346cfc3c41169f62f1154d67396581b8b6262fbc41dd6ef16fb45a67e41bb8de6c97abb60b9475518d13efae60982bf69460b9e0c6985143bcfbca570c249cd571eeec626f6dca944a7ef2e84adea3ecd343873ed58c7989f1672332be6069e60c63ca8f1186d59e564bf55454a612beff00ac2f33f79e6201577a04f99add20dd37ff0060dc83e4f880009c38d4bd0f841ec89543502d85598ffc9522dcc15f741ae66bc690000b32e55ed32cc0c930f70c9eef9b982e4342f3d434b2e40b87a829ac2ce4f3adc1f26e2a9c19676aefda585efda618b58e62a1e6242b0777728c28ed2642b894c72b771c991f29b2168283b453dc5690e48f99786b37ba82866379962bacc705a6a55a2e65c0070cbcc35fa38c42aafc6c20dc18caa10d2a8dec8168e71c3041b062cf444c07d0662aef995458544835bd40680770dba26092ac5801cfd7ccb1d05aa10992181c5fe656f4b550536e7b949592a27f4969291d0dea2a236dab83150cec1f64328bc29cb9f8c4a70028d9396ccb147ed4c359e0178f78df20c1c789822f831c66f32d643c9f30190c867fdca3bd3038fc30a25ef7590a343406dbf6f6803cc5f0fdfa85682c1c5f0b1725ac8d89ce0b15c2575e2b8969f3e25ad15ba9cbeb7f32f9132c86ef0e665ceddb85ea5306bc1f12886c4b2fb84f1280042d9589e4e2646941787e3de614ecba105eeb7a98362f52c8423a50b62eb8cce27022c3cb8b8db8076d122dde43d3ff006624412c3e62b6006dc7980365a5cb1e98ed41f31c20bc5438647981d95e23546da4813e4eb5f8986b906c864e1e917ef752bc0e76cffb2867538c47fd16085367c653bd3de2d03cb03ed883c30b39399b04c54fd8e3085db2b8688e428db93f3118d07ea7d20c8d88ca80b753537a8dfea6e52a9ae9391ca9e41f11434df2ebef07c9666aeecf696eb377957c4bd8878cc2d46ac604a60cd55ce62dcf32c0301e5350bacae6c839a5dada4541af794f23da4a06959c40d604e6f6cbba5fc6a19157564413ab96581c3de54383b2ae3442af1c414e58f084f21873c45ac67c934116d5567ef002acbda1b9685577052d87b189696d1b4dcc1836d56a023b5ecc4e02b70dc20bbe32b165869301795d27112ded0af329bda9c712eb0b0ebb8438d5e67b85e88f4e3885805fc6e3284a3f588f1c51accba61f786e9959cf12b5d2ddde7e92ad792a269df3e61478ba7ebefed38c41d4f8b258df64196e6d6fd76a0b48133d8f78d827a6012f98d8a0b5ee2463f80d80e2ea559406abf33085d63b771d716eea3ec4ea3ff2238965aeff0015e1acc1c37cc59f67cc28837d8293ef07603c2c7ccc2b403cf79438efcc1234b93bb9a7989e59e0266db361f88ab68506d17f7f1304b7597b1dea21be49284fd262b75704b29b666828aa85d65783822a38c2e165f10e440059f7fddcad41a55c946b1df10c741349fd04a2123ef7c453d5ef9f7597b4629a6fdde0ccc2296468f09ac3cffb009116ad0fae25cb5b0e2fc462c54b0147e3883bdb5ceffd8c0ab591f7e62d09e353e6afc4b4004196cfccca300b4b5a37ed2f9607a6532c290f0c5d9c9777896aaacde05dbe27701e4b95a62c8d8551b80e2b3d9f89735d2b31395b74bf8f304307a42e4b2bb2529c96727b771530c2ab2b9ae6663039b9e4f12cbe3cb8b88a7821551a42ebb129664cf11062916b3f12dd92b6ed4f89524a68c97f130683b333447e7fbca4b28c5f110cdfdd28733ce89b6f2179998485d8af1300abfa899783e65b01f2859743aab8d0a3fc44894f1ab88451e3f6faca9a8db170142a83356695c762e50aabc5c962ae9f89c2b4757c4b6e2f744fcc025d5d0d6a6057462a64afb72a839b3462840e6e5e0d4c8f2577cc16e29a7984aee69ed3dcf11b55575abea110375b21502a9b5602fe604a5da8728aecd60d0d4565a38ea5d5e4e6a2eaf96a9832d5729af55facc4fb1ef288d13c3572a5ac0cd3c4236ae6b31aad36fa8129ddf883755175917f49ad4bbaa85b74cc9306a265b458c5828aff00e1e221786d5b4e93896fada56ac638e08e96cbbb97757ccb33bad1ef037a479b475ed8b8e8ab302bc1c4f17115b04f31a80d65932685a85a5c1e104b8a28b60f84a78842846eaf7c12eca44365f97e264212bc9e7db5f306aaa35831dcb80b5e8086965b65ff0092ea256d0f795b9094d4675757ab9c13e4dcc4337556ebbf30428028a069e5a664a5382a3f69574d996b3da730a884d2b6ef24b1673055b70fd207c48d37e4cdc275d446791c0758dca17941feca8ed0f7c603d988b6d80e6a1ac4a97055089fea2b013452f28dc9668bfc7b7998819b7071cbd4cc062cacf30405c866abdee60130e70b8fea0e1ce832574fc422fe143e4f9e60409cd87e23901b2ddfdf98ea325d21fb444175050ffc7d27380d56e0cd3dc3729585aaf3ccc0932d70953f32b6fe1970ac72727640581960e2c9b24b6b154103184c85c30609ba0baca8e333399de7149beeb2dea3b93e1bc3730e32af39cf880090dadcbf7e621b6dbd52d6ff00f6022568ddae8fb4335273c17045434c5c6703b16175d86e961bb8eb0bf8806f5d04d95fbe634bece6136dfd540aeb1b9895847f8731b5d2bb41f8072b0917d614e7c428571c10c7821b3b9ce970af43c953da1ae7eb2cc1470543622ffe10f78483d37b8a34af7e21aa8b800898e989639b372e81d399c0a35dc41baf86c806f2b931ec2ae650e58f98d13e0a896d02525703a9a6d99b7372ed1de969994fd5f7895853cda2bac586ce6e3a60fb4762cc0388f6826719811b50ab6664fc11694238f994b2d8e33198c3e63b695ec4dfc4cb9b1a2e600e469679b0cca1a2d8a16bbf79b2f44b6fedea68c8aa4e5f1f5833267968ea0817622bf38e9848f600227070c7bcb586f750c82ede236d671e63979958d6b10771c980eea1bf104d516ce364c0be0def1123f05762368db8519b88676714ea640f714ca6b9c6ec1442b2b68cc39b3c0bbfd61f71872f07c450ceaa7404756f4b28ff00d83a096ae9cf982a007cd83c79950a2e35d208bb227e8f888182c00a673f88d5e2cfb871b8aa30e54729aadae8a8d5a2879a46c492b821731ec78a301cff0050396f75d71cca91a8d8992a14689d26c298fac3de186cca52afae4be0c6c8b876a878a33c2bfa995b5e5f923164d25830702a3498cff71b5acfec10b02c8a2beaccca230dadfcc7cd7d8fb2e268117e5bed2c6354e4e6721f431ab203a57d65cecae2dc449130b15c4ae981b4c0ac018eae5175de02cf0a6221f8724ac96ae9b843230bc61a86a6f8f246c0e428a63dd308046d0b9baee6ad253621b15fbc08ddbc5289575db4fc42d77bb025cf954b4b20b5bab4ade56da8f697afed9588e071a90bf8597bd914bf694ec988cfb4f9cdded84c68b6670fe1f98d848d42b3f328c9d6a84b8cfbcb55091055ca87de1ef0aab979253aae54d7bc30ef4d531fbf3336362185c4cb51bcddb1d400e9f5450b75734e2a04ab8f6e3ff216ebc32963f335164ed530023a6952ab56f4b80e06b8bcccf6bb6fbb95b7e0470f9822969e67fe4893650db552f132be0633c95d40ec16e2f983588b5dcdea4c99660c2bf7bd44317e5220ba1f94c402f1c32e3cbccb6c0ef573a855083c649a4116b23c707bc4a25870a30192645c91aa5d67b7e0e269bbb7f733995e98dc2c645ddc15e0d5e9dca64c56c8ee389905af6dcbe45539731337650fb4c8f2bc4d9c272ef5c42b065c5b736e195d2edf6985ac30a977f138af8d18c0041c06adea21ac05428573005ac54bb441bb0c3504516adcea56993cb289b0a11cd3d79f79872d97f8770cfd128a1c6258eb817b1f683c2e140d3f3050a390ac57bf1162b8c56e1ba5bf3d7102ba83d30840aa9b19ebcf311b77ea7feea67355fb5f3e66e603a26656d40e726f7f0c54393b38ecaf3286918bf30d310393b70c6e1315414fcce81184d9f3084edc7fa98a5e366f33830ddf27b31c686e0c77ef14514ef2a2c4c56a723ea30cf2b6b4af9cc7858354ee508735b760e1102836aff21e758cb3165495814cc587a58988d555496221566e8d1c6601a539b9f112c45da93e22b3bbc6b4cc8ffa7b46a40f14d08ee968360d375491bad3604669859b4b622839fbf12c148f9731001bee948546cb5d4adc390c18e8a9e979e256d7594d210ed09ccacf03da52c14f36e25260afab4b304a3290089c6bd2a0bfac726fe6e23cab4e78818b45707de035dbcffb2f381a030fcf625d455d0a2a162cb2b3b47498650142a28526a2ca15e55e650155c6b13863a987806930cad3ee772e1b298566aabf482f803fd455346beb1270ff0092b4d2bb8dd742e2b43372a063257375e25cb004d408965339750b84aa3c710882ae3e835155b60cd3f6a71e4336442b73cf305b2967bb9b2e2f82c2ded35f59c9b97528c2f48a2d337d455c5071a3eb1eadb35e51ab7a62cc31ac87392ac43369b45b5fe4c6a39367e90b071790522526c34fdd4a5b78af1a987eea9b994bcaaacd4be966af1a9d8a0c30eefe09663b2ffc8e4683ec2543e1cdd7bc365d074c1bce723dbf980a76518e60be008b6ae6d02a56aa56c0ba1984a5d80acd1ffb1cb85d1657729978e72c9f112a44e56cdc0af38cf88b622f3a221d24eb5897543a14fde20a8ac64831a85adade6fa872ab0e2b0305b43c3484ca97e37fbdc6adb6d81e205d8aace1a9a6fa2fa976dce85a68ee0ab91ac840ef7bbc173060c68cfe928a869c1bf98d2c6559b9a282de1f68cdaf6388d7187aa97e1993dfe488e21d6454526905dd3fd30c6d4d53820bd7d5fc5298961658ddccf9b8d52889c99bafe90a8d258762fa48044168f2d31b45339b2fcc2d6ad90aa1603d62e5a4ed54e557a745932d9b7538ec0ea1790cf79783614db2fd60f6bc7aba7f535d6fcd231bf801827b41a053a49d93585f7dc50a5ee293645f98b600f8455ec9742951b7f5161cbda0c429cee586def8fc87a2699bc4dc1f71b00b5b19a0da72d24e7a134c069f6c5386719c002aaf02e6223371755a415e9c0c05a11e7110344587cd171a321bce44b25b7bc2cd482f58e67ecccb82a6788761ff005e263aea20ad76ba18facb7c0baa1851778a15c0e5798b406c59651c2b9885d8cf09615dcd472c0787db981cc5b2bf7eb152dd416ce88f25685d629751c8d019e5a8f9a973c4e39652e55cf052e163a51f12c2ee7001d46f0b069612804a701bce61954d0436cb902177e230b93180ba97534b4a7b19d40a165a72afdee5cceef0157325d73c5e1980a0e33f69b96d1c3cc50d26bc7ff237047ea96b9afb537f78f5818c0108af07463eb30617bbc9288b74b82a07122eda4d0628f996a29ddcbc452529056d5f1330db937f1296ac68612daa80c6c3e229afd771aad4672d42e4bad903df261730962c8d49e45c774efb7f088a4dd0522359db515a378fdd451b5552d851c5f0ff00d9ccc8a747c92fb2572f2dcc60816a5fdef536ef5a655ed2c1168a05bccde1d9344b745e4eafe237f7385fc32a1942d4eb704122d3c07131362b59a7f30265ad7e8caeb3acda1c7b7d6590320814f6eeea6503a973a75f6995b00ca6979f7817610d1aff00200432be09a28b4b17a706c86c8aa532a601d04aa8b3c2090632c73c159554393ec4a1509baa8b4147b4bd195f44a95983222728611a5518a89a57445d343d889caceea5958352e159f106aa7cc0f27b90b58fa602192750a35f42373226b0fbb0c86fea4c3cfbc0380cb2c54a87f840605257733ccc69fbf0a6c7bb00940d2e7ccbfda2d2ae5b9aed9b24ef10abadc30e8c59af11a1e33874b55d9869ef9998e7eb3b758bc44b88d0ceaa1162c28e33b948ec5dd66012d1dee0032d5b9de22b4db92f331b576b2c4341d17acb06e9c808716dc1dcd8d5677e612b12bcb2f426b2c459b330411781316e5523bcd704f8ad9f78b9295adfef88c46616d65c5c7730784148f32228e231898da9861981a39df53b13179650b6dc666e984959e2913c24a0f0d3ccdcb8be2f79858acf78ee2ab185cbc029f592d662c49586b99a82d35fdc05e239d7bc6d0c5e311516ab6b12c09ca4c6c37ba9c872ccc561a4f23dddc77148bb7411ca719ea002dcf3e62a0705c392a95e4b9cafc130d01ec985a3730541934ca6354457c2fef2f4abdba8b59a3aa3505cf32f936670d45ef9a6d2d9c2d8cf13328fe5ff0065c346aa25179b7b9fffda000c030000011102110000100be0027c226013a95767714122b48082b58028a58c98028739c9f29adc570400d151b683785ac80d515d4f3423461a0b54bbf71e70200b02d3eee4853a1f410449c0d200c20a776b3033718400204a048304219826ba72c33936ad2a030483d122d8c3ec2ac70af081b8370b2994a89111d60079611ca681b5312e6809aa7a82832c21417c848078115320eba18309c01131cf0e3cf47222cad9cb469b283734840ce80acf001aacb4a02d9eb1f45e24daac25c82dd0c643a0c147de8249e1298493a2212405e0728dff00541c0410932c6688a51c3180ad4921b6d2508cb40d20913b3d46ad124884b4112cc20b10d01d2271662b1061a231a30a2c028961af43d8ea11acf1170c826402e6142eca00d0fb6430460032255312a61a3a6e541047a515201813089ecdc30f32f6e0a8c7053480d874d10900a60a30970220433412dea01a408518a50e7065053b6a0d1401081eb01c7c030c28eb47a5cc8d62510c40808404438a2ac2a0be5b95d69486207721e8d962256b4d02db8418e40c35a506b2ad083257455fc80c10f11032fb08b0e20f0a1e4510546618daa173130f75010b5acb941bb80e50952050c11a6218122d436980c78a3bd61414459f00b34ad8c1f0b9c144b2403e6dc8511a468b702c842c8cee0b794f2a84fa11ad9896a35a25991c564b9f4be30c3522df19cb866881cdb0ece4bcc84cb4e10470ce1991d8c41cc70b01aa61413493d0cb307287bc32eb0c08cb04802b9263d258489618a05185392920e4671cad861a03544dd38c658790d0488ba7385c9a4af20b10c44c71148c13e6442d7e1633430d64a1983627b2719412683bd40b752c36d5d0f040133ca8754d7c425d634c82231938d208b785296f30729ac80a66552ab26f3035886075f214d048888b23c402408042889ca4b47231c2f9daa42a7043f561c08103423140a262550b410bad410a880d2003a50c018878cf1c24d11a32890421b12d24cbdd5f24879647184e0012e7002768808178036d20cac84d81961d90876c23bd0398ac09120100504c9461193846d536a94d006a2080a3a202c23bb6c23c220a8cd0604a20201980033500f71ca0740380ca41f0091c108a4d20760b12493361046007a19d20d10792620614909594630968061096011f808b0029295d63e509b20b4858618732029d2ca268289401928b0d2c826b18e00b8646e972830100016472c01498d9a890f24419e99923653810412730d638a590a04f254ff4bae0f9cf38cb03aa62c310718bc23cf15c80cc00205020a19ead4668a9d4563560704820b6a201841b64e1b2e0d9deedad0f50504861212c74f630500389703947680e2a81dbc540528c8d45cc66d15aea14628a2ead77ccfe0e554e10c3ac8f58870001104a392c73010419c31914319e7b8daae988b7057326282080893c0130b6483eab80d4bd8e0c503df57230e26420208622969c3c8077610350d0a6ea8a81704e747980473023c08096a09c8c6381e2448dc028634d9c9904984152ad973711614679e5ddb2a1f0c9a527f8933fbcb6b0c003959f5648617168008a9218c519264618013c183401281a2d0ac1d94461ff0029e007e6aa73cc52f62474175414e21e54eb9f631e5258e684ee872920a16fb3f8cb45827522844d76817b847f25b646c032c38551fd803406ca6ecee4f6c0282c041294848def030071824018070d241a0000e7c1a10f4d88c5988d061735e95924811026723efd9e24200468f241c20cfdf404612230672d7cc9889860081c820793f97be6535d28492a4220c053004962aac5ea1c1085a12a0e040b60d61b06674cf064c5108c4722a8a535050332a3516089d870051435a5134410fe3b805978874438b08a4864e05cdb849bc30c3118791b444895c5242bdb6e30c2ad9ac3225b69980621a30a88b4a52bbe23001d20630cb880ebca2400f0a3ab0b89ab71c4a545e1c320402d7aa78522a026bc305ad6f0fdef474c1a0236cde79a67806f44bc0480d79d8fffc4002111000300030100030101010100000000000001111021314120516171308191ffda0008010211013f10f308ade1d1e8a41611be63d26ca410d95899e0ab3d20c6782844368421ad9553a24c2e1ba4dc3c221e84c6b3058df44745cc7b94beb0d1bca1236285185883441768f627068615a2121c84b59887ac74490b6c7831fa243b87a423496217106f42e9cc3189b6482363da17d104258759e634c485dc32e844f4f46f5a123d17459a237d42e9fa526161dc78243e61b78ea3c3a2484c5d1bd091342e8d9e8dd670e22e10d0f4ce8b135082ed3a258933e091f84d92706c612d910e8983e944c787cc7a244d8ee16c6b63d946bd38842b46121974261a11a2a3ac6b4249e59d12c2e1d12fb34351e2132921e2d1328d88968c492e0e502b28858d318b0f1c64de2a3a868626c6f641e1608485a1a1419c398506547711242e105c825aa5c74905b111a9444163bc34519fc1aa2121a8f1e1342c3c743c718e310db821b128ce6cfd26a8b68ba121ec78d418d563c2486248422d2099b7a10ba3e0b2f42121fd8b65589531213d1642da96161e1e0c7c165b19e0921c6b0d089aa4d613f30f85d0c5469096cf46e0bf0dd2688248fd1a38a1e0883177e4587bc8421d1bd619642e086782a7a21e0d5242f834e6c424848a33c1ad1a6888546d904d7a2211a1b8267d8f05c2ba3451363a25a3a3f4477e0b0b62e8b490ba318bc628d788f66161fc6611263e84aad9fa26cdc1a4356612dd26cd896486cf0d7a286f86c42c313fa2b133547f44288b8a8fd174e308a0e2169d2a7d19219a32e8930fe085c3d3d20d416c48ea15266e13c42b627a1323e1b0a0a8ab1262984b74b18d89ea1362db3833f0498d542a970437b2ca0c44c3434690d46ccf3132d49fa6f0b9f06298d8f2992912c3a2e510dd1b686a8a410bba37ee1f4dd1ac1ece6190fc1151027081e40ce31868676850c68234e08fdc53706254d70d8ce8b12618a666289510c5733e1ac7a370fc617d9ed15c5a2e970ba318a09aeb1e99a6c4b4a9533f827434138f8312d0d443f619e8fc06db169052e265e661efe266ce6533585a348bb3452a36d8d28c4df836fc2b5c1a11e8db6318d8d5e118ab6258b3826450f06868f184e86c138614642c58667b3e0caf1a188ba1f0765151226120c483e1d1c44c45c139a4255ece0d6a9d504d8b624923ad8dd7c23104be877c28be106df627a1e536b1269ed0ed098e16efe1e13048f0586855f4430b786cde3c1fe61f052413d8924f44d6d1ab47e25c223dc4760dc157d1b4562e96ebc16d06a39f1d77df9d227ff72ce2f8e8bf182c4de3d12788f09ad09eb1b29ed2111b62642bb86e1a82b1b135f62fd37449ad41b761e0486f70d79f0a75fcd121ca1224c346c684b129b4fe31c114a8bb2e289b29e63ba2eb425a8790692e1295785deca914437b387fd1435c2cd1a7d1a9f0425b17c7c1321bd62e6e145626caf159594a121a20952226888d3648486c5ae9ba3fb09537e1b4b624a6fa3ed1dab3041b4134fb87f8557669ec4a7f8a2b343f4e97546656c8c612122091083486b26d09bc1345cb63e88debd1d124c454eec70f445a783fb0e4489a43f3eb099a5a3f58d211a1a227f9247d08657485b63dba2fc12c2cd582744d7cf44a4214bac4f4d13488fd1d4f627d0abdb131715747b55f44a2e9433a2622477a4705e0693504a2d7f950f453469a1c34c456279b1a15626c6de4a7f481514a2a262e23e118e9364abfa244f5e8913d0951ba126c6e1ae0c48d28c6f7a1af31d14e8f13fb35c3595fe159d202a621e876cc245636f827710fe08ba3fa34be88221218b09104271fe8fc8d35131c285fb12aa8aa64dbfd2ae785a44a3b7671ec4f55fa447f05a352fa7f05d1e9cc517f922e8e21e2bf06a1edf87f0bf78f0de195e36278b84d38fa3d0dddf44cd6fa37145a66854e684894136d510946a0d51fa88f09abe95b54532b6ffd09916e4b2be74451664cdb595704dc1db0b7b1edd1b634f051b2464d424170af8c4e23f455a7c12374d8beb0a9a31fcd1dca1746afe0fe0c4c67050d312434b10594904edb218bf47544aea27870ad8f7d16c5d361ac448e086a9b86b28eec635abf04854421c1a985d133dca2f8335869123c2a86242c219cc2db8349ec69f7ec8c25bd0c42bf064d06d5134cfe08f2e383fb2d5b121c3c341b5474a066d8d14568d94d5b2fa36a3fb28f0d4f7e0e8ae14361da50c48e0dba6fd2312a344534247d0535588db1a242fa133d124b8277a421056c1a0fe8e2254444474ea96a8409c09a66d8b04a9a62d58b942eff0082a6cdda568f4a74d0f6467b049911c366d9b44398dd2848e0920d689a13706b0d8ce6512f4e0ba349e1282362585868797c9f0a420d0c3fb1fd08b544830afc37ff0044e9089f073d1d906c4cd8944b0bb7d1b127836a1e0a0bb1eb0d8d8ba41b8262d1890910546b28b8621c2e19517330f3542fd84d3f481bd41497e8983e8d21855634131104585acb197e858ba3d99de68db213088584c41b2316858451bf8cfac4530d236571b5e89b58d3a42e08b6ca46289c10dcc58c42aa582fa611d13118ea2b2b424cd8e9765130997e4b43c173e0fe34d610d7d0db123622f07a47148245e094c97f4f09f782c1e19c23d17c0f0f0fe48585df8ac3f83cf92caf891efc563fffc40020110101010003010101010101010000000001001110213141512061713081ffda0008010111013f10cc3bb3f2f85809b19dd8f494990ded0633a86fb0a39760d93ab7ab411b2bc0461ee5deef906fb65a83a8b32cdba4772ea3835c049dcfb7dee433a819dc85fe4eec3263636bc91cbc71a216c6c3621dc1b2752e9743305876c021fc9efb95c99903d9ff00216c3399b6f6cee3b0efbb0bec139990659dcc493d5e2cea164909b6518ea4fbc373b9349e9bf61d8c8f782024bbb3e4e1c82ceedb34833a89d367d82dc9dd8ea176f16391e59f9166df8e1f634ec18d9dc10899d6473e49b13dc7446cf97ce13bee42267cb51dfb3ee5bde59f9c1ed91dbab23d971be70bb76e1d3c90bfc8fcb208709edbc636d8b3bbb824b27b437d88b1f62503fdfe1e182ef23f8781c86f90ebb97f27f67dc757c838dfbc3d6c943a9b0c8b7bc9218ddbef1931dce471e4fbc2f0179077677cbef76ddb9781e77afe7ecc7e4dd2f71d49d5d7bb38099bf17db3b876c1f7824de0823d8777645966d97a41d4133f39f79f3f83f4b6ecc99fc66b1fca4e6596598ce41c38967c6ede4b90e36e59ac74f77fbc0e707b04165ff65b589722f91e6c593c3c3e411273bc3de3f2dd318e8e48e779f5b6d983c0392eaf53fe476c80cf97900b39939b06411edd9fd2591671edf663962395b782ceedb6de37f82793daff0016a3abd5f2f9643d498c1b2bdb3bba203ddab723de172d98e3ef1b1c136f197f9fc1c7dbe4b861ea6ebae0e5fe0919913a3216164e038d254f203d2f2cfb3dcbd70b0f0e7d83ab7820d78fb7cbe6d9c9fce9b7cb395c6159ec9d2158f238f27f63dde5209d8bd872f796c93bb2f21d2dc835b3bb7e4c5864905d647765d9e4bc67073e33fc01b6703be33be33911c07ad6cdb0238db78278f27fa0982c9e9bdee1486d8e7c6178f797863c9f6c8e7a5e1eef12bdb386f968593b43bdd83ec1f92c1e1503ecf77dbd626395c8e111a33d96b641df06c91cfd817dd9f39771939b311ec07b3c17bea5963b3b95b0889ed8dd0ee02f7033ae7cb5f20bf30017711b761d5bb3d7f1f79797be72ce0fdb61958b48ef8c9bac927af21d2243608bedf246cc83bea3d9c82c92cd896ddb1e017701db8003a5d2b633a496f25d21de379de1ea3bfe184166d9c327f2cb3f648dce080b0b7a9363dc8eadbdeadce13220fe30db0fe304eeda39ed921a36d9fc126d8106c4cb38ff009fc63c63c03964ec0dea6f275f637767cc22dfdbadb3bde0338c7db3bb2cfb6477fc363ffc903ce37f842e377e9f244e5e036cbed9b63c79c3c7dbef2cdbdf05b6d989c9c49c2323fd90b72eacff002c270b1ec666df6d95874fe4f2663dfe09ee0e92ddf78fb19c32ede3acba69c3670e5963c5b8a1bed98fcf03b776dad9bddb91dfb6ddd8def18fc92e9b3a82eec7248f6383d9eed9e3ef3add27701753c0dff21a206c89a802c3c92265a4e10969cc2e1d3ab7b87b9767332c320330b0209d3e5d858cee0163edaf9027b1a7841aed8d8fcb31df0fbff83fb0ca670240ba797e962c1681c16f2bc0314a5cdd3647f12ad70751913870b8c97e7c8b5f96fec26425eeff00b67cfb66fb639d58beddfc8f6d615ead78f0fbc1fd3996836d1f2fd25eb3419b1fae0b365dfc86f0416a460b206cee36ee33337c1c09e5bdf76da16ece0e5ff2c3ff0092773e5d19ee79d5bfb7997147e7c9dd8772975e1f78cfe9ea09819d3e40d8c944ccbacbae70423699017861b2f00e4f56db28ca5bc3586dcbb4f4cb690e70f9d463c9374fb0fd9fcbb983a9dbf21ef383cb27f263fb48385d0c97b4badfe48b6d9e0617edafdb52bf6f6c832eac2c3db18c8c7b6ef649ebcbde02167e4ef6583075772391b76117d8fd8f3608fa9f63ff00267b767b61cb6d2d321de06de1b696db69696dbdda5a5a5b610cb633a94dbec903b61edbb2f76fb19d9f96751df5221b219c1b3e4796f76e4c6dbff926fb63d5bd717c107e70084bd78cba89e324c83782596378957667b0f58fc8d0924ee36b693ab5615d07fbc6747eb3db9003b63c6f71ec797577a0c8f3fa7f9ec41c8524181658245f974f2c8ceec89f8bb2d7e5a7d85616778d78daf2d96c33253c43963db35b3acba1d5a8c30137ec2e6b79dfd8d374ce16751ef27b3eb0bc43fc3c0d30b1ca643c65e48bb796f2a5b9e425b2edd5e5b6dbb6da48190b27f2f5b59db03f603c64e8b1f25163bdceaec725de31e40d538ed87d8dc1dcbbf5009912772690f2c6ecb20165b0ef59e01c2ad9d585a1d1e45dbbf2c2fd9d4c47654dbf36c076ce6eeb3990f8b19909f6d6e927730b0827db0f64eb2d7dc95f520eededa4361f1859c1112e796f5065d882b637e5d017a97d5bbb2f52ece6d9c9c37bc19c8ac62013ae3e482c73cb17a83f2c6ee6fe9075d5d7d8cf96b6b09f08cc947db578f02ef4de0c9fc5fa95b5b7f6e9ddab3a8221bc25d5ec623cb7804224b5b109edbf96da4bc883c3e471a5b96ecbf1637583e91f9593bc2dbacbd7905f65fa67be41cc6c3c642eaf60fc631f6c255f631e715ec9f19d190a5c22c66639dc0de41c075c35eec7d9ebcb5b7644ce319e1c6ced9b7d96d8b380b728367f59efc2ddeb2cbdbb3b8db63a973cb06b26320ef514c0eac7c811693d1077acbb79e10df965ba49fe5ea73f631b2ccf64b092320b4f961686dcb6565e13f780cb6509586eafb11c8dbdf724efd81e46edb7927e24b74e8bd1b293b2cfdb468f73f7013a87e65df3261db1e0c77f67a20732eee4e2c5d575752859a404026de21f1100481278331c3b3b74bb932ce4586238d42637219e90241c150bb5b175e8b442df5b5ecd3d0ecbf4bb1d2dd4d0f53ef0fbc8e1e1f39f13cbd72266786663cfe87045f7879782fb37c9f795717de1f6167ef1ffc4002610010100020202020203010101010000000111002131415161718191a1b1c1d1f0e1f110ffda0008010000013f105606c5de0a9302af5716be700beb1707ea739d018bcf8308aebe7ac39db828f372ab7ce14709d60d5dfac620f393db57f7eb2c378635bbbc6764c27c358e087de40803f3851ceef5e70e2f3cfde4ef01e7fdca08a477e718b8267210fcf592f0ebbc357066514aebc7bc0c955222bd2ff9f19204e3bbce2777b778703ce3bc1b79f38bc1f4e4a1e1783acb97c69be717873ce48261c743346c38eb03c747e312d079301a3b2e2e3bb7778c4efc2e1d20cce02632e8eb1694fc6553c1c5c919bd37316bab38de068f1bc3841e0fce34092739e124eb03833c65027ddf0e5de6efd62cef0d377080bc62d579ac108c9bc4f3e7d648d0f81c424ffe63d17a75883b826109ad78c2978316d3f7977f79a9af1830de7bca1a3572c13a993905c03e336859a302b4dcd7ac2326eb90449f78d238858f7bcd05e759b10bbce538d647f5bf186425af3835a41d6417ad61184e71e3a714be0c43751d72b9085b3d71821689e2602c58f1dfe712504f57f9c5537ee610e9e3a7b320783f8cd477c68ca030dfce11272311473b6eb02ac1305670cc5b52a7181b07bdbf38721aef042d358091e7f58e9393bc537d78ca0861c471300df9cd87359f1880c4a9fbc822a6de65c2a3f88fbc41e79ef0d8d4c6161a9d6b1023b03cb8a11dc7bc146f7bfbc1a2a03c7f1823747ac52c3ae5c56aa7e30f7086f3528456ef0d12fc75850af78a20d9eb3606c5b71042319ce41138d616e3c9c62a03c77829b78eb050ebbfce05e5d3e338061779461c180be0739a50e498ad06d3085123a9e32887792ebe3203c91b32810e5ce0a23f9eb2843621ac5adbac434ea6381bd620ae2c74e716bf8cd8de70d3b70461b65038a7789e537ba63f9e0d7795c758bbcbbcd0dcb3e0c013bf9c429e7998ab6e0e3152f66fef3baf386dad7c658316c52b9bc57eb001f38daaef1395e72177185af8f372297bc18c5cf39a175af1805abcbff180477976cffe6416fe4c81db54c948ec98b6969307270e09b33d66cd387f188837f588305a4328abb367ce506b9fc7ce0a68a608d38de28cf7c67899793377471be73893d8e2125bef1089c7beb0a01479b82d8e358e8739b086ac3115dd933764ca47404c741535d64c76b817cdf79489f7849aefbc11a71d18822f8e9c653ce2ddcdfe3058fd997f3e7340f696e08e5915de147792b3ce06b5a38c1001fce218f29b99dc33f9c392f5e306d7c63510ef7beb1451ebf8c21b97668c1492bce0cdfa062d1adccd246c28618699bc2419b88cf1302566fc4bc171d2cb31509b3362bafac70fd98ef7f3853d3bde72ee64c2703c65922275712139703c1b359315ef124395cb5d14d1e17f61cbc252ef128075de24f7ef8c4fa93ac66fce543b979736556ce31459c654cca71f9ca437de2c6f8c421e1ce39db82fce2a6070fac08fd6253102738b6efae31a37ac5a4cfcc6f03672e3c4598eeb73d61b8f05de256ae5e49262ee0b4f7fce6fd3b2adef1b09c1d1dfc5cbbd1b654e38627bff0032089a77f195e7b344f194702e9a315039b6138c3b47f9881a04c3a3b705ae0d45c91bad6898d84797796ed8b31694806b1d7dbba67292e782fef14a1e722c438ef026cd23f595a047ac4d4393b3068bdf38d90e9d38026db826bb1c48a71fd6791d9e30446ef9ce5fde31d1d7e70169e2e41dccdb8759b3bb8a7c6f5893c3c31d07771e2c4f9cde1e3f8c51a4ce077fc612be3372de5716335c7780b75f9cd9075fce6dc1bd64c29c0972ba0ebbca2ebfdcd6e7a7ce11b3efe700d8f8ce6a262a81a1d0e680abc262eb4f7662177cdeb062deae1a1668d0718c293bebac47978cd4981d0859e73c5a1ebc631b5f531138ef0e43c6011a3784d3de6ededc2d9b807a7aca04bf2e24e5cedfbcfd3bc0279264b5ef2fef8b7d73de24464ce4e5859778abc67af3e31aa560e5f3ac65ff000da397cc7a5c3b74b8a90135b1c56e879bef15fc91c429f389a9358dc1576e05d8f580bf1ac8e98404f3c38d0f7c2e48a79320ef8fce6cd6f3d66fb2f387c607c79c56f2ff00f94ecfc6527389a177c9939b8a47bc7638b94189bc91ae404c51e7f5810ecd4c4d72d62c22f1c79c80c116f97788347465563bbbbe304a79ebf9c84c9130534f58435c934738821fce2e2fae5c5b0d871d00bde2a35e72b9d97ac1c1fbc910fce6f6d758eac9cf78fa3eb3537d95c52f0e757386df5ac24b0df581163ef2549b358047c71850f1c77d65dfbcdf33ef26dacd01659de59c8d04f181ad345de2538d3bcbf077de6c1c2cfacd56a851f59b1a990e83fa738ff0c486bf197cf2f3945f0e77ef3625ef2983b628df9eb048f01d6208e20f5758261eb15fbca5c929ce1045d3ce50d31ddade5d3940d0387d649f0f3f38d3c838c15a1c4efac681d59d778e86bbae2450edc8b6f38e1938c4a6faeb3a6e3a8779b5beb580da112fb663b2db82040df659f58f038f78f0bc9fbc6d0b6e2c8c56d315c98c4ec70684da268773d1bde2fd80bbbeb2057a3641fe738775941d89b715f9c5f9a39aa58f8726f78dd5a67635ff00b7d98050e78df462d10de051f1851d59ef1356e1386723733667ef2b35c61d710378deaf8c4be98b37803214d9823ab8a1b0f9e71a38e98718a26206b2b2758efae359e687180e8af38ec4b3788ce2eb3489cb9c501e5bbc8da9a71121e0f1d6008ba0fce53a0b8ca1cdd2faca593477de41d27788ac4d0eb16897747e336afae3063b77ce0a5626831331b7b7062f06b1617c706503e7f5801eb2269cd2b27acefc94df39ae7d63207ac6e3d3ade58f81fbc5a1eff58047939c6221699691cbae3c624d691f205afcb880d7de3e4346f1d33a7bc0eeba75837535ef9c76579e5c417609c66f9d49ce511ef999ac5938718fbe4c0a51df3be30005d5e0c56b78b8a79e5fc18b9f5c39a70fe7143afbca789eae0afe58dd0cd9ddc364d9bcda81cda5c39dbbbbbe71214fc60a9b666aa05b89f3cf4653bd66f3d63b27e3069e3a7011eb872020ef9c5adb0702a23a19318a8d9913899c72ddef38c56680231e37b6294b009bf9c0123cb8ff00dc08023ccc4ad9c77960de493177635b316facb3bdfacecf38fa62017559903953e5035f405f6ae3e035861b5e0ea64569512831896911a7263dd5114141e97c709e9bdb87002cae50afe0c15dfc38c82326053a5e4c13470e4841eb15ef9c2f7ce0033ae5c186b84c74e7ac2b2d538f787ab79c334fde3b6cb921cbcfde2f76e725f7830cdf9cf5831ca282bf58a472625738dbc5982bc41ef2ef1d75736072fbeb35b26fd63ba137bde0a2738bc0b8812fd383c4f77211881de4c529ac952b812de7af8c3c0f3ce211ab3216f66b3547de4a47e4c77eb3abcef235d7f79a55ce4e996d1ef05dbbcdf32986cad9e31ac104367b39ce1e9e778a0729de4bf7e73d170a21b347c6757d70e0dd79c8edaf7d624879b59976bb75886cd8f3927c1f39b204379e475902affe628453c7ce47673b3eb117ea24f3828043a7be737b5efa9d6327acb6973458f59b819b5af59105ea6084d4ef2c26fce13fee392efde276bbc9b5ef9cf9e4d6571c1e33cde662840f1c9803b9bcae9f38204e7b31aa86b3754de17143fbca9a66405b664abe30514d27181606eef1093e778b6595f18a7a699f58033c8a4294521a3af78596b0498da76384a36f15f7fe6346fbe33c0f66437140fc533cb9344f4cdf8c703893071e3042110f213f18475b02b9d6b8f8c74d6a80ba28104d0bcf9c4bcfd98538ca79cb37d9c64a6b83f9ca893ef3914ef1204fc66f91cb661a733d62094ef1961d6201f3945d172ece70275884bf8317e2190c9f794d4cdf661a3ce0088eb1f30fbc5bde00da1bd4cd15ebaf58f63ef284476e6d878eb101e1cb5ba359e8b97a5ca6ebc6b0eb54de41a9e1aeb3800e0d2e7c1a6d72191d73803666afce529e7771027e5861ac843de24f9c3616eb22bbe72ed373352f187238f585b343c7c9906bb65cdf13ef37234498316bdf7926c7eb1553bba723fab833e7179e72dd8cd94331685f1d62522cc539e9f3868e06e5033c758c1b9d043eb131d756988db9ef345bbe1c504c6edd5c6f950037b5378078ef1a698b519bc494f3937afbd64a2efeb048f0dd9e3d63abdaa66adfa4c017de3e3155bfce79278878cd263d7e315f87e7069ed700ac2f4e2de157986369446ef395f830a7b1cead77ccc485cbc080af4146e5315d25d034d0a34fd98c9822d5e30ffb48e301a44b8b0c1d62d407a9bc403657c62a9f1834c63ec02be3790a837554bbe78de9ca488f402fdb2ea8f574bc6b0790416a11fc77911422c56053ce689027956247f2e4f67ef3b2b598b0c1ae1b05e79ce76719363e3077becc5062d7ce58e3e93ef1b7e7c6521eb345bcdca9496eae10fbe3788317adeb1e42efa70296efbc824e30835ef1db0e30a19abdf8c5a40ee7fee26c3ef1a597ef0288fef21d7780d7ce0acbf9c2860a78c881e5b5c447ca6491e198d9d689828cefb79ca8db7bca81c9bc5eee5314f26700758d8d7060a55b4fbc53d8de68838ef2fa5ae074f5ce561dff0038315ddf464296e74e37fa314b9d70e126cd4d62dd34e0d1c326373d818c2c29b2e6c9434c4a23f392fd38c82bf7f18906933656b7f587089a99b7e1c936bf58c0edc0d8bbc56b92a4b9ad9fd609578e29ce3a051f23c66efa38cd927ef0adf8eb013fee115a9c471a1431bad9bd5c881bde00d345c7e483d6b2f43bbe38c483def36b5f39f39a38779ce2d039df3942c6a642acfacebf8c7f038f08f2ef1a8a21cf9c346d7ce5a8967bc76e7eb3738098420a50d4c6ea18ddec0bcf1892adb1fa8001486b8c5a091ce526cf1967ce71f78afc326a985bbc4c601d41d8f8913c939cb245748702dfbc69d852fef3d703612b840b6d0277b03f9c766d35d7a1aa5a477d3e71b30cd867244c8af58d4c19afc65ba79cbdbd6507e73960137e30621a707a9e79c56a683038e0e30347387209cf7946cef2eb99975fde6d94bd499e1359603a086152871c60b63df39a71bc4fbfac62917de37579e2b95e5f188447c64a75726e2f3ce2dce3fbc7db39e119ce28fe1840bd3e3286f264ab0b896e04c38221bc410fc1814a29e2e12e893210b8620f347faca2297ce10da3df190db36ef14335b36609ff0013112277ce2087663201e4ae6ec67fb8a3e306a0867026743055176bc6543e7ac08e74f9c503ef1cfbd62361c3e7087c39c96e6fce4a53ade0bc9dfeb1ba53fc3090027be72a27ac61ec30a90e493e31694eb2c69ce286cfaf7834bafbca6360577913d76b40c1e1927bc267b7e140a5f16a7819d66e9dfac5c5861a6bcfacb2c32d78d4c71c52262c719b9bcbeb9f18abb34333a37c75932a7e4cdfc26e66b1f9cb97eb34bf182bb3c641decd62e062f0b4fde6b89d6413b7bcb50358eda7de30f9c66690cf0ae3fb31c02c062ac3c7d5c2508da3907c620474b660942bafb54ffbeb175a5de551fa4c611c171049c4c20079c855317ac97bc69c3ef213ff00c727b30d93007d6155fc62d703c43396afd19b28f18057380cea670fbc34b71c2c2034f1893f97e716a13143306ec7fee1b929379c30878ca13fc65a0099aa74dd7ce686d7e182be5378d37539984e6edd99ba085f584b5dd30a2872a97153aff31850df9302faf581a92e086b4f7d619151c42a75aca4b3591862b36f1c654882e3a6e21834d6cc868d1e26ff00);
INSERT INTO `palabras` (`id`, `palabra`, `enunciado`, `imagen`) VALUES
(6, 'Jamaica', 'Blaze it', NULL),
(7, 'Colombia', 'Coffee time', NULL);

-- --------------------------------------------------------

--
-- Estructura de tabla para la tabla `peticiones`
--

CREATE TABLE IF NOT EXISTS `peticiones` (
  `usuario_target` varchar(50) CHARACTER SET utf8 COLLATE utf8_spanish_ci NOT NULL,
  `usuario_source` varchar(50) CHARACTER SET utf8 COLLATE utf8_spanish_ci NOT NULL,
  `crucigrama` int(11) NOT NULL
) ENGINE=InnoDB DEFAULT CHARSET=latin1;

-- --------------------------------------------------------

--
-- Estructura de tabla para la tabla `usuarios`
--

CREATE TABLE IF NOT EXISTS `usuarios` (
  `nombre` varchar(50) CHARACTER SET utf8 COLLATE utf8_spanish_ci NOT NULL,
  `password` varchar(50) CHARACTER SET utf8 COLLATE utf8_spanish_ci NOT NULL,
  `fecha_n` date DEFAULT NULL,
  `imagen` blob
) ENGINE=InnoDB DEFAULT CHARSET=latin1;

--
-- Volcado de datos para la tabla `usuarios`
--

INSERT INTO `usuarios` (`nombre`, `password`, `fecha_n`, `imagen`) VALUES
('hola', 'mundo', NULL, NULL),
('user', 'pass', NULL, NULL),
('user2', 'pass2', NULL, NULL);

--
-- Índices para tablas volcadas
--

--
-- Indices de la tabla `activos`
--
ALTER TABLE `activos`
 ADD PRIMARY KEY (`crucigrama`,`usuario`), ADD KEY `usuario` (`usuario`);

--
-- Indices de la tabla `amigos`
--
ALTER TABLE `amigos`
 ADD PRIMARY KEY (`usuario_source`,`usuario_target`), ADD KEY `usuario_target` (`usuario_target`);

--
-- Indices de la tabla `contiene`
--
ALTER TABLE `contiene`
 ADD PRIMARY KEY (`crucigrama`,`palabra`), ADD KEY `palabra` (`palabra`);

--
-- Indices de la tabla `crucigramas`
--
ALTER TABLE `crucigramas`
 ADD PRIMARY KEY (`id`);

--
-- Indices de la tabla `etiquetas`
--
ALTER TABLE `etiquetas`
 ADD PRIMARY KEY (`etiqueta`,`palabra`), ADD KEY `palabra` (`palabra`);

--
-- Indices de la tabla `historial`
--
ALTER TABLE `historial`
 ADD PRIMARY KEY (`crucigrama`,`usuario`,`palabra`,`hora`), ADD KEY `usuario` (`usuario`), ADD KEY `propietario` (`propietario`), ADD KEY `propietario_2` (`propietario`), ADD KEY `palabra` (`palabra`);

--
-- Indices de la tabla `palabras`
--
ALTER TABLE `palabras`
 ADD PRIMARY KEY (`id`);

--
-- Indices de la tabla `peticiones`
--
ALTER TABLE `peticiones`
 ADD PRIMARY KEY (`usuario_source`,`crucigrama`), ADD KEY `usuario_target` (`usuario_target`), ADD KEY `crucigrama` (`crucigrama`);

--
-- Indices de la tabla `usuarios`
--
ALTER TABLE `usuarios`
 ADD PRIMARY KEY (`nombre`);

--
-- AUTO_INCREMENT de las tablas volcadas
--

--
-- AUTO_INCREMENT de la tabla `crucigramas`
--
ALTER TABLE `crucigramas`
MODIFY `id` int(11) NOT NULL AUTO_INCREMENT,AUTO_INCREMENT=3;
--
-- AUTO_INCREMENT de la tabla `palabras`
--
ALTER TABLE `palabras`
MODIFY `id` int(11) NOT NULL AUTO_INCREMENT,AUTO_INCREMENT=8;
--
-- Restricciones para tablas volcadas
--

--
-- Filtros para la tabla `activos`
--
ALTER TABLE `activos`
ADD CONSTRAINT `Activos_ibfk_1` FOREIGN KEY (`usuario`) REFERENCES `usuarios` (`nombre`) ON DELETE CASCADE ON UPDATE CASCADE,
ADD CONSTRAINT `Activos_ibfk_2` FOREIGN KEY (`crucigrama`) REFERENCES `crucigramas` (`id`) ON DELETE CASCADE ON UPDATE CASCADE;

--
-- Filtros para la tabla `amigos`
--
ALTER TABLE `amigos`
ADD CONSTRAINT `Amigos_ibfk_1` FOREIGN KEY (`usuario_source`) REFERENCES `usuarios` (`nombre`) ON DELETE CASCADE ON UPDATE CASCADE,
ADD CONSTRAINT `Amigos_ibfk_2` FOREIGN KEY (`usuario_target`) REFERENCES `usuarios` (`nombre`) ON DELETE CASCADE ON UPDATE CASCADE;

--
-- Filtros para la tabla `contiene`
--
ALTER TABLE `contiene`
ADD CONSTRAINT `Contiene_ibfk_3` FOREIGN KEY (`crucigrama`) REFERENCES `crucigramas` (`id`) ON DELETE CASCADE ON UPDATE CASCADE,
ADD CONSTRAINT `Contiene_ibfk_4` FOREIGN KEY (`palabra`) REFERENCES `palabras` (`id`) ON DELETE CASCADE ON UPDATE CASCADE;

--
-- Filtros para la tabla `etiquetas`
--
ALTER TABLE `etiquetas`
ADD CONSTRAINT `Etiquetas_ibfk_1` FOREIGN KEY (`palabra`) REFERENCES `palabras` (`id`) ON DELETE CASCADE ON UPDATE CASCADE;

--
-- Filtros para la tabla `historial`
--
ALTER TABLE `historial`
ADD CONSTRAINT `Historial_ibfk_1` FOREIGN KEY (`crucigrama`) REFERENCES `crucigramas` (`id`) ON DELETE CASCADE ON UPDATE CASCADE,
ADD CONSTRAINT `Historial_ibfk_2` FOREIGN KEY (`usuario`) REFERENCES `usuarios` (`nombre`) ON DELETE CASCADE ON UPDATE CASCADE,
ADD CONSTRAINT `Historial_ibfk_3` FOREIGN KEY (`palabra`) REFERENCES `palabras` (`id`) ON DELETE CASCADE ON UPDATE CASCADE;

--
-- Filtros para la tabla `peticiones`
--
ALTER TABLE `peticiones`
ADD CONSTRAINT `Peticiones_ibfk_1` FOREIGN KEY (`usuario_source`, `crucigrama`) REFERENCES `activos` (`usuario`, `crucigrama`) ON DELETE CASCADE ON UPDATE CASCADE;

/*!40101 SET CHARACTER_SET_CLIENT=@OLD_CHARACTER_SET_CLIENT */;
/*!40101 SET CHARACTER_SET_RESULTS=@OLD_CHARACTER_SET_RESULTS */;
/*!40101 SET COLLATION_CONNECTION=@OLD_COLLATION_CONNECTION */;
